model,model_family,direction,symbol,timeframe,timestamp,entry_mode,stop_mode,target_mode,entry_price,entry_low,entry_high,stop_loss,invalidation,target_hint,risk,risk_bps,same_bar_policy,same_bar_ambiguous,session_window,ny_time,swept_level,sweep_extreme,fvg_low,fvg_high,fvg_ce,ifvg_low,ifvg_high,ifvg_ce,ob_low,ob_high,breaker_low,breaker_high,time_to_retest_bars,target_distance_r,metadata_json,mfe_r,mae_r,invalidated,target_hit,target_before_invalidation
silver_bullet,ict,long,BTCUSDT,1m,1777125720000,edge,swing_or_fvg,fixed_r,77653.8,77653.8,77653.8,77634.46924,77634.46924,77692.46152,19.3307599999971,2.4893514547899906,conservative,False,10:00-11:00,2026-04-25 10:01,,,77650.1,77653.8,77651.95000000001,,,,,,,,,2.0,"{""entry_mode"": ""edge"", ""entry_price"": 77653.8, ""fvg_ce"": 77651.95000000001, ""fvg_high"": 77653.8, ""fvg_low"": 77650.1, ""fvg_time"": 1777125660000, ""model_family"": ""ict"", ""ny_time"": ""2026-04-25 10:01"", ""risk"": 19.3307599999971, ""risk_bps"": 2.4893514547899906, ""session_window"": ""10:00-11:00"", ""stop_loss"": 77634.46924, ""stop_mode"": ""swing_or_fvg"", ""target_mode"": ""fixed_r""}",0.5897336679983555,3.3107855045538614,True,False,False
silver_bullet,ict,long,BTCUSDT,1m,1777125840000,edge,swing_or_fvg,fixed_r,77657.5,77657.5,77657.5,77584.4685,77584.4685,77803.563,73.03149999999732,9.404307375333653,conservative,False,10:00-11:00,2026-04-25 10:03,,,77653.9,77657.5,77655.7,,,,,,,,,2.0,"{""entry_mode"": ""edge"", ""entry_price"": 77657.5, ""fvg_ce"": 77655.7, ""fvg_high"": 77657.5, ""fvg_low"": 77653.9, ""fvg_time"": 1777125780000, ""model_family"": ""ict"", ""ny_time"": ""2026-04-25 10:03"", ""risk"": 73.03149999999732, ""risk_bps"": 9.404307375333653, ""session_window"": ""10:00-11:00"", ""stop_loss"": 77584.4685, ""stop_mode"": ""swing_or_fvg"", ""target_mode"": ""fixed_r""}",0.10543395658034371,0.890026906198043,False,False,False
silver_bullet,ict,short,BTCUSDT,1m,1777126020000,edge,swing_or_fvg,fixed_r,77595.1,77595.1,77595.1,77715.81902000001,77715.81902000001,77353.66196,120.7190200000041,15.55755711378735,conservative,False,10:00-11:00,2026-04-25 10:06,,,77595.1,77600.0,77597.55,,,,,,,,,2.0,"{""entry_mode"": ""edge"", ""entry_price"": 77595.1, ""fvg_ce"": 77597.55, ""fvg_high"": 77600.0, ""fvg_low"": 77595.1, ""fvg_time"": 1777125960000, ""model_family"": ""ict"", ""ny_time"": ""2026-04-25 10:06"", ""risk"": 120.7190200000041, ""risk_bps"": 15.55755711378735, ""session_window"": ""10:00-11:00"", ""stop_loss"": 77715.81902000001, ""stop_mode"": ""swing_or_fvg"", ""target_mode"": ""fixed_r""}",0.0,0.8697883730334826,False,False,False
silver_bullet,ict,long,BTCUSDT,1m,1777126140000,edge,swing_or_fvg,fixed_r,77616.7,77616.7,77616.7,77574.27666,77574.27666,77701.54667999998,42.423339999993914,5.4657489947387505,conservative,False,10:00-11:00,2026-04-25 10:08,,,77595.1,77616.7,77605.9,,,,,,,,,2.0,"{""entry_mode"": ""edge"", ""entry_price"": 77616.7, ""fvg_ce"": 77605.9, ""fvg_high"": 77616.7, ""fvg_low"": 77595.1, ""fvg_time"": 1777126080000, ""model_family"": ""ict"", ""ny_time"": ""2026-04-25 10:08"", ""risk"": 42.423339999993914, ""risk_bps"": 5.4657489947387505, ""session_window"": ""10:00-11:00"", ""stop_loss"": 77574.27666, ""stop_mode"": ""swing_or_fvg"", ""target_mode"": ""fixed_r""}",2.0743298382449997,0.3936512306668802,False,True,True
silver_bullet,ict,short,BTCUSDT,1m,1777126320000,edge,swing_or_fvg,fixed_r,77606.8,77606.8,77606.8,77650.72136,77650.72136,77518.95728000002,43.921359999993,5.659473138950839,conservative,False,10:00-11:00,2026-04-25 10:11,,,77606.8,77615.2,77611.0,,,,,,,,,2.0,"{""entry_mode"": ""edge"", ""entry_price"": 77606.8, ""fvg_ce"": 77611.0, ""fvg_high"": 77615.2, ""fvg_low"": 77606.8, ""fvg_time"": 1777126260000, ""model_family"": ""ict"", ""ny_time"": ""2026-04-25 10:11"", ""risk"": 43.921359999993, ""risk_bps"": 5.659473138950839, ""session_window"": ""10:00-11:00"", ""stop_loss"": 77650.72136, ""stop_mode"": ""swing_or_fvg"", ""target_mode"": ""fixed_r""}",0.12522380909882747,2.228983801958996,True,False,False
silver_bullet,ict,short,BTCUSDT,1m,1777126440000,edge,swing_or_fvg,fixed_r,77605.3,77605.3,77605.3,77671.02106,77671.02106,77473.85788000001,65.72105999999621,8.468630364162784,conservative,False,10:00-11:00,2026-04-25 10:13,,,77605.3,77606.6,77605.95000000001,,,,,,,,,2.0,"{""entry_mode"": ""edge"", ""entry_price"": 77605.3, ""fvg_ce"": 77605.95000000001, ""fvg_high"": 77606.6, ""fvg_low"": 77605.3, ""fvg_time"": 1777126380000, ""model_family"": ""ict"", ""ny_time"": ""2026-04-25 10:13"", ""risk"": 65.72105999999621, ""risk_bps"": 8.468630364162784, ""session_window"": ""10:00-11:00"", ""stop_loss"": 77671.02106, ""stop_mode"": ""swing_or_fvg"", ""target_mode"": ""fixed_r""}",0.0,1.512452781498045,True,False,False
silver_bullet,ict,long,BTCUSDT,1m,1777126560000,edge,swing_or_fvg,fixed_r,77655.4,77655.4,77655.4,77584.46892,77584.46892,77797.26215999998,70.93107999999484,9.134082111481602,conservative,False,10:00-11:00,2026-04-25 10:15,,,77605.3,77655.4,77630.35,,,,,,,,,2.0,"{""entry_mode"": ""edge"", ""entry_price"": 77655.4, ""fvg_ce"": 77630.35, ""fvg_high"": 77655.4, ""fvg_low"": 77605.3, ""fvg_time"": 1777126500000, ""model_family"": ""ict"", ""ny_time"": ""2026-04-25 10:15"", ""risk"": 70.93107999999484, ""risk_bps"": 9.134082111481602, ""session_window"": ""10:00-11:00"", ""stop_loss"": 77584.46892, ""stop_mode"": ""swing_or_fvg"", ""target_mode"": ""fixed_r""}",0.6950408762986057,0.48779745070840297,False,False,False
silver_bullet,ict,long,BTCUSDT,1m,1777126740000,edge,swing_or_fvg,fixed_r,77659.3,77659.3,77659.3,77605.26814,77605.26814,77767.36372000001,54.03186000000278,6.957551767786058,conservative,False,10:00-11:00,2026-04-25 10:18,,,77658.6,77659.3,77658.95000000001,,,,,,,,,2.0,"{""entry_mode"": ""edge"", ""entry_price"": 77659.3, ""fvg_ce"": 77658.95000000001, ""fvg_high"": 77659.3, ""fvg_low"": 77658.6, ""fvg_time"": 1777126680000, ""model_family"": ""ict"", ""ny_time"": ""2026-04-25 10:18"", ""risk"": 54.03186000000278, ""risk_bps"": 6.957551767786058, ""session_window"": ""10:00-11:00"", ""stop_loss"": 77605.26814, ""stop_mode"": ""swing_or_fvg"", ""target_mode"": ""fixed_r""}",0.8402449961928359,0.6958857237193738,False,False,False
silver_bullet,ict,short,BTCUSDT,1m,1777126860000,edge,swing_or_fvg,fixed_r,77625.8,77625.8,77625.8,77680.72516,77680.72516,77515.94968,54.92515999999887,7.075632070780445,conservative,False,10:00-11:00,2026-04-25 10:20,,,77625.8,77659.3,77642.55,,,,,,,,,2.0,"{""entry_mode"": ""edge"", ""entry_price"": 77625.8, ""fvg_ce"": 77642.55, ""fvg_high"": 77659.3, ""fvg_low"": 77625.8, ""fvg_time"": 1777126800000, ""model_family"": ""ict"", ""ny_time"": ""2026-04-25 10:20"", ""risk"": 54.92515999999887, ""risk_bps"": 7.075632070780445, ""session_window"": ""10:00-11:00"", ""stop_loss"": 77680.72516, ""stop_mode"": ""swing_or_fvg"", ""target_mode"": ""fixed_r""}",0.0,1.4874785981506249,True,False,False
silver_bullet,ict,long,BTCUSDT,1m,1777127040000,edge,swing_or_fvg,fixed_r,77652.2,77652.2,77652.2,77606.16956,77606.16956,77744.26088,46.03044000000227,5.927770237031568,conservative,False,10:00-11:00,2026-04-25 10:23,,,77635.3,77652.2,77643.75,,,,,,,,,2.0,"{""entry_mode"": ""edge"", ""entry_price"": 77652.2, ""fvg_ce"": 77643.75, ""fvg_high"": 77652.2, ""fvg_low"": 77635.3, ""fvg_time"": 1777126980000, ""model_family"": ""ict"", ""ny_time"": ""2026-04-25 10:23"", ""risk"": 46.03044000000227, ""risk_bps"": 5.927770237031568, ""session_window"": ""10:00-11:00"", ""stop_loss"": 77606.16956, ""stop_mode"": ""swing_or_fvg"", ""target_mode"": ""fixed_r""}",1.20137891360587,0.0,False,False,False
silver_bullet,ict,long,BTCUSDT,1m,1777127640000,edge,swing_or_fvg,fixed_r,77682.9,77682.9,77682.9,77661.46342,77661.46342,77725.77315999998,21.436579999994137,2.759497907518146,conservative,False,10:00-11:00,2026-04-25 10:28,,,77682.3,77682.9,77682.6,,,,,,,,,2.0,"{""entry_mode"": ""edge"", ""entry_price"": 77682.9, ""fvg_ce"": 77682.6, ""fvg_high"": 77682.9, ""fvg_low"": 77682.3, ""fvg_time"": 1777127280000, ""model_family"": ""ict"", ""ny_time"": ""2026-04-25 10:28"", ""risk"": 21.436579999994137, ""risk_bps"": 2.759497907518146, ""session_window"": ""10:00-11:00"", ""stop_loss"": 77661.46342, ""stop_mode"": ""swing_or_fvg"", ""target_mode"": ""fixed_r""}",1.4228015849547055,3.083514254606348,True,False,False
silver_bullet,ict,short,BTCUSDT,1m,1777127880000,edge,swing_or_fvg,fixed_r,77666.8,77666.8,77666.8,77718.33336,77718.33336,77563.73328,51.53336000000127,6.63518517564793,conservative,False,10:00-11:00,2026-04-25 10:37,,,77666.8,77669.7,77668.25,,,,,,,,,2.0,"{""entry_mode"": ""edge"", ""entry_price"": 77666.8, ""fvg_ce"": 77668.25, ""fvg_high"": 77669.7, ""fvg_low"": 77666.8, ""fvg_time"": 1777127820000, ""model_family"": ""ict"", ""ny_time"": ""2026-04-25 10:37"", ""risk"": 51.53336000000127, ""risk_bps"": 6.63518517564793, ""session_window"": ""10:00-11:00"", ""stop_loss"": 77718.33336, ""stop_mode"": ""swing_or_fvg"", ""target_mode"": ""fixed_r""}",1.222509069852974,0.9042686135736177,False,False,False
silver_bullet,ict,long,BTCUSDT,1m,1777128180000,edge,swing_or_fvg,fixed_r,77701.5,77701.5,77701.5,77658.8597,77658.8597,77786.7806,42.640299999999115,5.487706157538672,conservative,False,10:00-11:00,2026-04-25 10:42,,,77700.2,77701.5,77700.85,,,,,,,,,2.0,"{""entry_mode"": ""edge"", ""entry_price"": 77701.5, ""fvg_ce"": 77700.85, ""fvg_high"": 77701.5, ""fvg_low"": 77700.2, ""fvg_time"": 1777128120000, ""model_family"": ""ict"", ""ny_time"": ""2026-04-25 10:42"", ""risk"": 42.640299999999115, ""risk_bps"": 5.487706157538672, ""session_window"": ""10:00-11:00"", ""stop_loss"": 77658.8597, ""stop_mode"": ""swing_or_fvg"", ""target_mode"": ""fixed_r""}",0.2790787119226278,2.3616156546740803,True,False,False
silver_bullet,ict,short,BTCUSDT,1m,1777128300000,edge,swing_or_fvg,fixed_r,77689.2,77689.2,77689.2,77723.03784,77723.03784,77621.52431999998,33.83784000000742,4.355539766146056,conservative,False,10:00-11:00,2026-04-25 10:44,,,77689.2,77701.5,77695.35,,,,,,,,,2.0,"{""entry_mode"": ""edge"", ""entry_price"": 77689.2, ""fvg_ce"": 77695.35, ""fvg_high"": 77701.5, ""fvg_low"": 77689.2, ""fvg_time"": 1777128240000, ""model_family"": ""ict"", ""ny_time"": ""2026-04-25 10:44"", ""risk"": 33.83784000000742, ""risk_bps"": 4.355539766146056, ""session_window"": ""10:00-11:00"", ""stop_loss"": 77723.03784, ""stop_mode"": ""swing_or_fvg"", ""target_mode"": ""fixed_r""}",2.612459896966674,0.7151756731514713,False,True,True
silver_bullet,ict,short,BTCUSDT,1m,1777128780000,edge,swing_or_fvg,fixed_r,77676.1,77676.1,77676.1,77728.93522,77728.93522,77570.42956000002,52.83521999999357,6.801991861073556,conservative,False,10:00-11:00,2026-04-25 10:52,,,77676.1,77688.3,77682.20000000001,,,,,,,,,2.0,"{""entry_mode"": ""edge"", ""entry_price"": 77676.1, ""fvg_ce"": 77682.20000000001, ""fvg_high"": 77688.3, ""fvg_low"": 77676.1, ""fvg_time"": 1777128720000, ""model_family"": ""ict"", ""ny_time"": ""2026-04-25 10:52"", ""risk"": 52.83521999999357, ""risk_bps"": 6.801991861073556, ""session_window"": ""10:00-11:00"", ""stop_loss"": 77728.93522, ""stop_mode"": ""swing_or_fvg"", ""target_mode"": ""fixed_r""}",1.4251856999935284,0.0,False,False,False
silver_bullet,ict,short,BTCUSDT,1m,1777129080000,edge,swing_or_fvg,fixed_r,77610.8,77610.8,77610.8,77691.62216,77691.62216,77449.15568000001,80.82215999999607,10.413777463960695,conservative,False,10:00-11:00,2026-04-25 10:57,,,77610.8,77633.9,77622.35,,,,,,,,,2.0,"{""entry_mode"": ""edge"", ""entry_price"": 77610.8, ""fvg_ce"": 77622.35, ""fvg_high"": 77633.9, ""fvg_low"": 77610.8, ""fvg_time"": 1777129020000, ""model_family"": ""ict"", ""ny_time"": ""2026-04-25 10:57"", ""risk"": 80.82215999999607, ""risk_bps"": 10.413777463960695, ""session_window"": ""10:00-11:00"", ""stop_loss"": 77691.62216, ""stop_mode"": ""swing_or_fvg"", ""target_mode"": ""fixed_r""}",0.12372844279341812,0.41572756778577685,False,False,False
silver_bullet,ict,long,BTCUSDT,1m,1777129200000,edge,swing_or_fvg,fixed_r,77618.2,77618.2,77618.2,77585.27636,77585.27636,77684.04727999998,32.92363999999361,4.241742271785949,conservative,False,10:00-11:00,2026-04-25 10:59,,,77610.8,77618.2,77614.5,,,,,,,,,2.0,"{""entry_mode"": ""edge"", ""entry_price"": 77618.2, ""fvg_ce"": 77614.5, ""fvg_high"": 77618.2, ""fvg_low"": 77610.8, ""fvg_time"": 1777129140000, ""model_family"": ""ict"", ""ny_time"": ""2026-04-25 10:59"", ""risk"": 32.92363999999361, ""risk_bps"": 4.241742271785949, ""session_window"": ""10:00-11:00"", ""stop_loss"": 77585.27636, ""stop_mode"": ""swing_or_fvg"", ""target_mode"": ""fixed_r""}",1.060028599511339,0.33410643537598317,False,False,False
silver_bullet,ict,long,BTCUSDT,5m,1776782700000,edge,swing_or_fvg,fixed_r,76240.0,76240.0,76240.0,76023.852,76023.852,76672.296,216.14800000000105,28.350996852046308,conservative,False,10:00-11:00,2026-04-21 10:40,,,76216.7,76240.0,76228.35,,,,,,,,,2.0,"{""entry_mode"": ""edge"", ""entry_price"": 76240.0, ""fvg_ce"": 76228.35, ""fvg_high"": 76240.0, ""fvg_low"": 76216.7, ""fvg_time"": 1776782400000, ""model_family"": ""ict"", ""ny_time"": ""2026-04-21 10:40"", ""risk"": 216.14800000000105, ""risk_bps"": 28.350996852046308, ""session_window"": ""10:00-11:00"", ""stop_loss"": 76023.852, ""stop_mode"": ""swing_or_fvg"", ""target_mode"": ""fixed_r""}",0.0,4.093491496567161,True,False,False
silver_bullet,ict,short,BTCUSDT,5m,1776789300000,edge,swing_or_fvg,fixed_r,76110.2,76110.2,76110.2,76170.22204,76170.22204,75990.15592,60.022039999996196,7.886201849423099,conservative,False,10:00-11:00,2026-04-21 10:55,,,76110.2,76139.7,76124.95,,,,,,,,,2.0,"{""entry_mode"": ""edge"", ""entry_price"": 76110.2, ""fvg_ce"": 76124.95, ""fvg_high"": 76139.7, ""fvg_low"": 76110.2, ""fvg_time"": 1776783300000, ""model_family"": ""ict"", ""ny_time"": ""2026-04-21 10:55"", ""risk"": 60.022039999996196, ""risk_bps"": 7.886201849423099, ""session_window"": ""10:00-11:00"", ""stop_loss"": 76170.22204, ""stop_mode"": ""swing_or_fvg"", ""target_mode"": ""fixed_r""}",18.199981206904386,0.0,False,True,True
silver_bullet,ict,short,BTCUSDT,5m,1776868800000,edge,swing_or_fvg,fixed_r,78820.6,78820.6,78820.6,79158.56412000001,79158.56412000001,78144.67176,337.9641200000042,42.87763858686741,conservative,False,10:00-11:00,2026-04-22 10:35,,,78820.6,78940.0,78880.3,,,,,,,,,2.0,"{""entry_mode"": ""edge"", ""entry_price"": 78820.6, ""fvg_ce"": 78880.3, ""fvg_high"": 78940.0, ""fvg_low"": 78820.6, ""fvg_time"": 1776868500000, ""model_family"": ""ict"", ""ny_time"": ""2026-04-22 10:35"", ""risk"": 337.9641200000042, ""risk_bps"": 42.87763858686741, ""session_window"": ""10:00-11:00"", ""stop_loss"": 79158.56412000001, ""stop_mode"": ""swing_or_fvg"", ""target_mode"": ""fixed_r""}",0.060065547786559884,1.844574506903237,True,False,False
silver_bullet,ict,long,BTCUSDT,5m,1776956400000,edge,swing_or_fvg,fixed_r,77999.9,77999.9,77999.9,77711.80002,77711.80002,78576.09995999999,288.09997999999905,36.93594222556684,conservative,False,10:00-11:00,2026-04-23 10:55,,,77962.9,77999.9,77981.4,,,,,,,,,2.0,"{""entry_mode"": ""edge"", ""entry_price"": 77999.9, ""fvg_ce"": 77981.4, ""fvg_high"": 77999.9, ""fvg_low"": 77962.9, ""fvg_time"": 1776956100000, ""model_family"": ""ict"", ""ny_time"": ""2026-04-23 10:55"", ""risk"": 288.09997999999905, ""risk_bps"": 36.93594222556684, ""session_window"": ""10:00-11:00"", ""stop_loss"": 77711.80002, ""stop_mode"": ""swing_or_fvg"", ""target_mode"": ""fixed_r""}",2.249566279039686,0.11732038301421774,False,True,True
silver_bullet,ict,short,BTCUSDT,5m,1777041300000,edge,swing_or_fvg,fixed_r,77811.3,77811.3,77811.3,77995.56226,77995.56226,77442.77548,184.26226000000315,23.680655637420678,conservative,False,10:00-11:00,2026-04-24 10:30,,,77811.3,77821.0,77816.15,,,,,,,,,2.0,"{""entry_mode"": ""edge"", ""entry_price"": 77811.3, ""fvg_ce"": 77816.15, ""fvg_high"": 77821.0, ""fvg_low"": 77811.3, ""fvg_time"": 1777041000000, ""model_family"": ""ict"", ""ny_time"": ""2026-04-24 10:30"", ""risk"": 184.26226000000315, ""risk_bps"": 23.680655637420678, ""session_window"": ""10:00-11:00"", ""stop_loss"": 77995.56226, ""stop_mode"": ""swing_or_fvg"", ""target_mode"": ""fixed_r""}",1.5754718302054795,2.1040662368951213,True,False,False
silver_bullet,ict,long,BTCUSDT,5m,1777041900000,edge,swing_or_fvg,fixed_r,77850.0,77850.0,77850.0,77623.43,77623.43,78303.14000000001,226.57000000000698,29.103403982017596,conservative,False,10:00-11:00,2026-04-24 10:40,,,77811.3,77850.0,77830.65,,,,,,,,,2.0,"{""entry_mode"": ""edge"", ""entry_price"": 77850.0, ""fvg_ce"": 77830.65, ""fvg_high"": 77850.0, ""fvg_low"": 77811.3, ""fvg_time"": 1777041600000, ""model_family"": ""ict"", ""ny_time"": ""2026-04-24 10:40"", ""risk"": 226.57000000000698, ""risk_bps"": 29.103403982017596, ""session_window"": ""10:00-11:00"", ""stop_loss"": 77623.43, ""stop_mode"": ""swing_or_fvg"", ""target_mode"": ""fixed_r""}",1.540362801783066,1.4520898618528042,True,False,False
silver_bullet,ict,short,BTCUSDT,5m,1777126200000,edge,swing_or_fvg,fixed_r,77635.2,77635.2,77635.2,77734.62704,77734.62704,77436.34591999998,99.42704000000958,12.806953546845964,conservative,False,10:00-11:00,2026-04-25 10:05,,,77635.2,77650.0,77642.6,,,,,,,,,2.0,"{""entry_mode"": ""edge"", ""entry_price"": 77635.2, ""fvg_ce"": 77642.6, ""fvg_high"": 77650.0, ""fvg_low"": 77635.2, ""fvg_time"": 1777125900000, ""model_family"": ""ict"", ""ny_time"": ""2026-04-25 10:05"", ""risk"": 99.42704000000958, ""risk_bps"": 12.806953546845964, ""session_window"": ""10:00-11:00"", ""stop_loss"": 77734.62704, ""stop_mode"": ""swing_or_fvg"", ""target_mode"": ""fixed_r""}",3.743448462309259,0.7865063668795687,False,True,True
silver_bullet,ict,long,BTCUSDT,5m,1777127700000,edge,swing_or_fvg,fixed_r,77677.0,77677.0,77677.0,77605.26460000001,77605.26460000001,77820.47079999998,71.73539999999048,9.235088893751108,conservative,False,10:00-11:00,2026-04-25 10:30,,,77652.3,77677.0,77664.65,,,,,,,,,2.0,"{""entry_mode"": ""edge"", ""entry_price"": 77677.0, ""fvg_ce"": 77664.65, ""fvg_high"": 77677.0, ""fvg_low"": 77652.3, ""fvg_time"": 1777127400000, ""model_family"": ""ict"", ""ny_time"": ""2026-04-25 10:30"", ""risk"": 71.73539999999048, ""risk_bps"": 9.235088893751108, ""session_window"": ""10:00-11:00"", ""stop_loss"": 77605.26460000001, ""stop_mode"": ""swing_or_fvg"", ""target_mode"": ""fixed_r""}",0.5074203252508387,5.935702595929756,True,False,False
silver_bullet,ict,short,BTCUSDT,5m,1777130100000,edge,swing_or_fvg,fixed_r,77641.4,77641.4,77641.4,77659.92828,77659.92828,77604.34344,18.52827999999863,2.3863917961292085,conservative,False,10:00-11:00,2026-04-25 10:55,,,77641.4,77686.6,77664.0,,,,,,,,,2.0,"{""entry_mode"": ""edge"", ""entry_price"": 77641.4, ""fvg_ce"": 77664.0, ""fvg_high"": 77686.6, ""fvg_low"": 77641.4, ""fvg_time"": 1777128900000, ""model_family"": ""ict"", ""ny_time"": ""2026-04-25 10:55"", ""risk"": 18.52827999999863, ""risk_bps"": 2.3863917961292085, ""session_window"": ""10:00-11:00"", ""stop_loss"": 77659.92828, ""stop_mode"": ""swing_or_fvg"", ""target_mode"": ""fixed_r""}",29.220197449522253,2.6823860606605314,True,False,False
silver_bullet,ict,long,ETHUSDT,1m,1777125840000,edge,swing_or_fvg,fixed_r,2316.44,2316.44,2316.44,2313.5667120000003,2313.5667120000003,2322.1865759999996,2.873287999999775,12.403895632953045,conservative,False,10:00-11:00,2026-04-25 10:03,,,2315.65,2316.44,2316.045,,,,,,,,,2.0,"{""entry_mode"": ""edge"", ""entry_price"": 2316.44, ""fvg_ce"": 2316.045, ""fvg_high"": 2316.44, ""fvg_low"": 2315.65, ""fvg_time"": 1777125780000, ""model_family"": ""ict"", ""ny_time"": ""2026-04-25 10:03"", ""risk"": 2.873287999999775, ""risk_bps"": 12.403895632953045, ""session_window"": ""10:00-11:00"", ""stop_loss"": 2313.5667120000003, ""stop_mode"": ""swing_or_fvg"", ""target_mode"": ""fixed_r""}",0.18097733328508056,0.9257686664198169,False,False,False
silver_bullet,ict,short,ETHUSDT,1m,1777126020000,edge,swing_or_fvg,fixed_r,2314.53,2314.53,2314.53,2318.0129060000004,2318.0129060000004,2307.564188,3.4829060000001846,15.048005426588484,conservative,False,10:00-11:00,2026-04-25 10:05,,,2314.53,2316.44,2315.485,,,,,,,,,2.0,"{""entry_mode"": ""edge"", ""entry_price"": 2314.53, ""fvg_ce"": 2315.485, ""fvg_high"": 2316.44, ""fvg_low"": 2314.53, ""fvg_time"": 1777125900000, ""model_family"": ""ict"", ""ny_time"": ""2026-04-25 10:05"", ""risk"": 3.4829060000001846, ""risk_bps"": 15.048005426588484, ""session_window"": ""10:00-11:00"", ""stop_loss"": 2318.0129060000004, ""stop_mode"": ""swing_or_fvg"", ""target_mode"": ""fixed_r""}",0.21533742225600125,0.7091779106297066,False,False,False
silver_bullet,ict,long,ETHUSDT,1m,1777126200000,edge,swing_or_fvg,fixed_r,2316.08,2316.08,2316.08,2313.846784,2313.846784,2320.546432,2.233216000000084,9.642223066561105,conservative,False,10:00-11:00,2026-04-25 10:09,,,2315.4,2316.08,2315.74,,,,,,,,,2.0,"{""entry_mode"": ""edge"", ""entry_price"": 2316.08, ""fvg_ce"": 2315.74, ""fvg_high"": 2316.08, ""fvg_low"": 2315.4, ""fvg_time"": 1777126140000, ""model_family"": ""ict"", ""ny_time"": ""2026-04-25 10:09"", ""risk"": 2.233216000000084, ""risk_bps"": 9.642223066561105, ""session_window"": ""10:00-11:00"", ""stop_loss"": 2313.846784, ""stop_mode"": ""swing_or_fvg"", ""target_mode"": ""fixed_r""}",0.41196194188114277,1.0299048547026532,True,False,False
silver_bullet,ict,short,ETHUSDT,1m,1777126320000,edge,swing_or_fvg,fixed_r,2315.62,2315.62,2315.62,2316.863124,2316.863124,2313.1337519999997,1.2431240000000798,5.3684283258914665,conservative,False,10:00-11:00,2026-04-25 10:11,,,2315.62,2316.08,2315.85,,,,,,,,,2.0,"{""entry_mode"": ""edge"", ""entry_price"": 2315.62, ""fvg_ce"": 2315.85, ""fvg_high"": 2316.08, ""fvg_low"": 2315.62, ""fvg_time"": 1777126260000, ""model_family"": ""ict"", ""ny_time"": ""2026-04-25 10:11"", ""risk"": 1.2431240000000798, ""risk_bps"": 5.3684283258914665, ""session_window"": ""10:00-11:00"", ""stop_loss"": 2316.863124, ""stop_mode"": ""swing_or_fvg"", ""target_mode"": ""fixed_r""}",1.4801419649202916,1.110106473690493,True,False,False
silver_bullet,ict,long,ETHUSDT,1m,1777126560000,edge,swing_or_fvg,fixed_r,2316.62,2316.62,2316.62,2314.4566760000002,2314.4566760000002,2320.946647999999,2.1633239999996476,9.338277317814953,conservative,False,10:00-11:00,2026-04-25 10:15,,,2315.62,2316.62,2316.12,,,,,,,,,2.0,"{""entry_mode"": ""edge"", ""entry_price"": 2316.62, ""fvg_ce"": 2316.12, ""fvg_high"": 2316.62, ""fvg_low"": 2315.62, ""fvg_time"": 1777126500000, ""model_family"": ""ict"", ""ny_time"": ""2026-04-25 10:15"", ""risk"": 2.1633239999996476, ""risk_bps"": 9.338277317814953, ""session_window"": ""10:00-11:00"", ""stop_loss"": 2314.4566760000002, ""stop_mode"": ""swing_or_fvg"", ""target_mode"": ""fixed_r""}",0.17565561145726255,1.3127945698379684,True,False,False
silver_bullet,ict,long,ETHUSDT,1m,1777126740000,edge,swing_or_fvg,fixed_r,2316.79,2316.79,2316.79,2313.3166420000002,2313.3166420000002,2323.7367159999994,3.4733579999997346,14.992114088889087,conservative,False,10:00-11:00,2026-04-25 10:18,,,2316.62,2316.79,2316.705,,,,,,,,,2.0,"{""entry_mode"": ""edge"", ""entry_price"": 2316.79, ""fvg_ce"": 2316.705, ""fvg_high"": 2316.79, ""fvg_low"": 2316.62, ""fvg_time"": 1777126680000, ""model_family"": ""ict"", ""ny_time"": ""2026-04-25 10:18"", ""risk"": 3.4733579999997346, ""risk_bps"": 14.992114088889087, ""session_window"": ""10:00-11:00"", ""stop_loss"": 2313.3166420000002, ""stop_mode"": ""swing_or_fvg"", ""target_mode"": ""fixed_r""}",0.06046022321915922,0.6794577466533274,False,False,False
silver_bullet,ict,short,ETHUSDT,1m,1777126860000,edge,swing_or_fvg,fixed_r,2315.05,2315.05,2315.05,2317.4130099999998,2317.4130099999998,2310.323980000001,2.3630099999995764,10.207166151917134,conservative,False,10:00-11:00,2026-04-25 10:20,,,2315.05,2316.79,2315.92,,,,,,,,,2.0,"{""entry_mode"": ""edge"", ""entry_price"": 2315.05, ""fvg_ce"": 2315.92, ""fvg_high"": 2316.79, ""fvg_low"": 2315.05, ""fvg_time"": 1777126800000, ""model_family"": ""ict"", ""ny_time"": ""2026-04-25 10:20"", ""risk"": 2.3630099999995764, ""risk_bps"": 10.207166151917134, ""session_window"": ""10:00-11:00"", ""stop_loss"": 2317.4130099999998, ""stop_mode"": ""swing_or_fvg"", ""target_mode"": ""fixed_r""}",0.26237722227178756,0.8252186829510529,False,False,False
silver_bullet,ict,long,ETHUSDT,1m,1777127040000,edge,swing_or_fvg,fixed_r,2316.0,2316.0,2316.0,2313.9667999999997,2313.9667999999997,2320.0664000000006,2.0332000000003063,8.778929188256937,conservative,False,10:00-11:00,2026-04-25 10:23,,,2315.73,2316.0,2315.865,,,,,,,,,2.0,"{""entry_mode"": ""edge"", ""entry_price"": 2316.0, ""fvg_ce"": 2315.865, ""fvg_high"": 2316.0, ""fvg_low"": 2315.73, ""fvg_time"": 1777126980000, ""model_family"": ""ict"", ""ny_time"": ""2026-04-25 10:23"", ""risk"": 2.0332000000003063, ""risk_bps"": 8.778929188256937, ""session_window"": ""10:00-11:00"", ""stop_loss"": 2313.9667999999997, ""stop_mode"": ""swing_or_fvg"", ""target_mode"": ""fixed_r""}",0.49183553019862747,0.4770804642925702,False,False,False
silver_bullet,ict,short,ETHUSDT,1m,1777127160000,edge,swing_or_fvg,fixed_r,2315.09,2315.09,2315.09,2316.473018,2316.473018,2312.323964,1.3830179999999928,5.9739275794893185,conservative,False,10:00-11:00,2026-04-25 10:25,,,2315.09,2316.0,2315.545,,,,,,,,,2.0,"{""entry_mode"": ""edge"", ""entry_price"": 2315.09, ""fvg_ce"": 2315.545, ""fvg_high"": 2316.0, ""fvg_low"": 2315.09, ""fvg_time"": 1777127100000, ""model_family"": ""ict"", ""ny_time"": ""2026-04-25 10:25"", ""risk"": 1.3830179999999928, ""risk_bps"": 5.9739275794893185, ""session_window"": ""10:00-11:00"", ""stop_loss"": 2316.473018, ""stop_mode"": ""swing_or_fvg"", ""target_mode"": ""fixed_r""}",0.0,1.78594927904034,True,False,False
silver_bullet,ict,long,ETHUSDT,1m,1777127400000,edge,swing_or_fvg,fixed_r,2316.19,2316.19,2316.19,2314.5667620000004,2314.5667620000004,2319.4364759999994,1.6232379999996738,7.008224713860581,conservative,False,10:00-11:00,2026-04-25 10:29,,,2315.89,2316.19,2316.04,,,,,,,,,2.0,"{""entry_mode"": ""edge"", ""entry_price"": 2316.19, ""fvg_ce"": 2316.04, ""fvg_high"": 2316.19, ""fvg_low"": 2315.89, ""fvg_time"": 1777127340000, ""model_family"": ""ict"", ""ny_time"": ""2026-04-25 10:29"", ""risk"": 1.6232379999996738, ""risk_bps"": 7.008224713860581, ""session_window"": ""10:00-11:00"", ""stop_loss"": 2314.5667620000004, ""stop_mode"": ""swing_or_fvg"", ""target_mode"": ""fixed_r""}",0.8439920701709585,0.3449894593399477,False,False,False
silver_bullet,ict,short,ETHUSDT,1m,1777127760000,edge,swing_or_fvg,fixed_r,2315.92,2315.92,2315.92,2317.0731840000003,2317.0731840000003,2313.6136319999996,1.1531840000002376,4.979377525995015,conservative,False,10:00-11:00,2026-04-25 10:35,,,2315.92,2316.37,2316.145,,,,,,,,,2.0,"{""entry_mode"": ""edge"", ""entry_price"": 2315.92, ""fvg_ce"": 2316.145, ""fvg_high"": 2316.37, ""fvg_low"": 2315.92, ""fvg_time"": 1777127700000, ""model_family"": ""ict"", ""ny_time"": ""2026-04-25 10:35"", ""risk"": 1.1531840000002376, ""risk_bps"": 4.979377525995015, ""session_window"": ""10:00-11:00"", ""stop_loss"": 2317.0731840000003, ""stop_mode"": ""swing_or_fvg"", ""target_mode"": ""fixed_r""}",1.3874628853674518,1.4221494575016085,True,False,False
silver_bullet,ict,short,ETHUSDT,1m,1777127940000,edge,swing_or_fvg,fixed_r,2315.86,2315.86,2315.86,2316.703172,2316.703172,2314.1736560000004,0.8431719999998677,3.6408591192898863,conservative,False,10:00-11:00,2026-04-25 10:37,,,2315.86,2315.91,2315.885,,,,,,,,,2.0,"{""entry_mode"": ""edge"", ""entry_price"": 2315.86, ""fvg_ce"": 2315.885, ""fvg_high"": 2315.91, ""fvg_low"": 2315.86, ""fvg_time"": 1777127820000, ""model_family"": ""ict"", ""ny_time"": ""2026-04-25 10:37"", ""risk"": 0.8431719999998677, ""risk_bps"": 3.6408591192898863, ""session_window"": ""10:00-11:00"", ""stop_loss"": 2316.703172, ""stop_mode"": ""swing_or_fvg"", ""target_mode"": ""fixed_r""}",2.051775912862725,2.016195983737701,True,False,False
silver_bullet,ict,long,ETHUSDT,1m,1777128180000,edge,swing_or_fvg,fixed_r,2316.62,2316.62,2316.62,2315.216676,2315.216676,2319.4266479999997,1.403323999999884,6.057635693380374,conservative,False,10:00-11:00,2026-04-25 10:42,,,2316.55,2316.62,2316.585,,,,,,,,,2.0,"{""entry_mode"": ""edge"", ""entry_price"": 2316.62, ""fvg_ce"": 2316.585, ""fvg_high"": 2316.62, ""fvg_low"": 2316.55, ""fvg_time"": 1777128120000, ""model_family"": ""ict"", ""ny_time"": ""2026-04-25 10:42"", ""risk"": 1.403323999999884, ""risk_bps"": 6.057635693380374, ""session_window"": ""10:00-11:00"", ""stop_loss"": 2315.216676, ""stop_mode"": ""swing_or_fvg"", ""target_mode"": ""fixed_r""}",0.6698381841970438,1.8669957899958294,True,False,False
silver_bullet,ict,short,ETHUSDT,1m,1777128300000,edge,swing_or_fvg,fixed_r,2316.32,2316.32,2316.32,2317.253264,2317.253264,2314.4534720000006,0.9332639999997809,4.029080610622802,conservative,False,10:00-11:00,2026-04-25 10:44,,,2316.32,2316.62,2316.4700000000003,,,,,,,,,2.0,"{""entry_mode"": ""edge"", ""entry_price"": 2316.32, ""fvg_ce"": 2316.4700000000003, ""fvg_high"": 2316.62, ""fvg_low"": 2316.32, ""fvg_time"": 1777128240000, ""model_family"": ""ict"", ""ny_time"": ""2026-04-25 10:44"", ""risk"": 0.9332639999997809, ""risk_bps"": 4.029080610622802, ""session_window"": ""10:00-11:00"", ""stop_loss"": 2317.253264, ""stop_mode"": ""swing_or_fvg"", ""target_mode"": ""fixed_r""}",2.485898952494373,1.3286701297811474,True,False,False
silver_bullet,ict,long,ETHUSDT,1m,1777128540000,edge,swing_or_fvg,fixed_r,2316.53,2316.53,2316.53,2315.5266939999997,2315.5266939999997,2318.5366120000012,1.0033060000005207,4.331072768323832,conservative,False,10:00-11:00,2026-04-25 10:48,,,2316.4,2316.53,2316.465,,,,,,,,,2.0,"{""entry_mode"": ""edge"", ""entry_price"": 2316.53, ""fvg_ce"": 2316.465, ""fvg_high"": 2316.53, ""fvg_low"": 2316.4, ""fvg_time"": 1777128480000, ""model_family"": ""ict"", ""ny_time"": ""2026-04-25 10:48"", ""risk"": 1.0033060000005207, ""risk_bps"": 4.331072768323832, ""session_window"": ""10:00-11:00"", ""stop_loss"": 2315.5266939999997, ""stop_mode"": ""swing_or_fvg"", ""target_mode"": ""fixed_r""}",0.0,2.521663380861758,True,False,False
silver_bullet,ict,short,ETHUSDT,1m,1777128780000,edge,swing_or_fvg,fixed_r,2316.14,2316.14,2316.14,2317.523228,2317.523228,2313.3735439999996,1.3832280000001447,5.9721260372868,conservative,False,10:00-11:00,2026-04-25 10:51,,,2316.14,2316.33,2316.2349999999997,,,,,,,,,2.0,"{""entry_mode"": ""edge"", ""entry_price"": 2316.14, ""fvg_ce"": 2316.2349999999997, ""fvg_high"": 2316.33, ""fvg_low"": 2316.14, ""fvg_time"": 1777128660000, ""model_family"": ""ict"", ""ny_time"": ""2026-04-25 10:51"", ""risk"": 1.3832280000001447, ""risk_bps"": 5.9721260372868, ""session_window"": ""10:00-11:00"", ""stop_loss"": 2317.523228, ""stop_mode"": ""swing_or_fvg"", ""target_mode"": ""fixed_r""}",1.5471057555223353,0.0,False,False,False
silver_bullet,ict,short,ETHUSDT,1m,1777129560000,edge,swing_or_fvg,fixed_r,2315.16,2315.16,2315.16,2316.333032,2316.333032,2312.8139359999996,1.1730320000001484,5.066742687331106,conservative,False,10:00-11:00,2026-04-25 10:57,,,2315.16,2315.21,2315.185,,,,,,,,,2.0,"{""entry_mode"": ""edge"", ""entry_price"": 2315.16, ""fvg_ce"": 2315.185, ""fvg_high"": 2315.21, ""fvg_low"": 2315.16, ""fvg_time"": 1777129020000, ""model_family"": ""ict"", ""ny_time"": ""2026-04-25 10:57"", ""risk"": 1.1730320000001484, ""risk_bps"": 5.066742687331106, ""session_window"": ""10:00-11:00"", ""stop_loss"": 2316.333032, ""stop_mode"": ""swing_or_fvg"", ""target_mode"": ""fixed_r""}",0.2898471652944231,1.5685846592419583,True,False,False
silver_bullet,ict,short,ETHUSDT,5m,1776780900000,edge,swing_or_fvg,fixed_r,2308.5,2308.5,2308.5,2323.4617,2323.4617,2278.5766000000003,14.961699999999837,64.81134936105626,conservative,False,10:00-11:00,2026-04-21 10:05,,,2308.5,2309.4,2308.95,,,,,,,,,2.0,"{""entry_mode"": ""edge"", ""entry_price"": 2308.5, ""fvg_ce"": 2308.95, ""fvg_high"": 2309.4, ""fvg_low"": 2308.5, ""fvg_time"": 1776780300000, ""model_family"": ""ict"", ""ny_time"": ""2026-04-21 10:05"", ""risk"": 14.961699999999837, ""risk_bps"": 64.81134936105626, ""session_window"": ""10:00-11:00"", ""stop_loss"": 2323.4617, ""stop_mode"": ""swing_or_fvg"", ""target_mode"": ""fixed_r""}",1.3173636685670913,1.2057453364256843,True,False,False
silver_bullet,ict,long,ETHUSDT,5m,1776782700000,edge,swing_or_fvg,fixed_r,2318.42,2318.42,2318.42,2309.196316,2309.196316,2336.867368,9.223684000000048,39.784353137050445,conservative,False,10:00-11:00,2026-04-21 10:40,,,2318.0,2318.42,2318.21,,,,,,,,,2.0,"{""entry_mode"": ""edge"", ""entry_price"": 2318.42, ""fvg_ce"": 2318.21, ""fvg_high"": 2318.42, ""fvg_low"": 2318.0, ""fvg_time"": 1776782400000, ""model_family"": ""ict"", ""ny_time"": ""2026-04-21 10:40"", ""risk"": 9.223684000000048, ""risk_bps"": 39.784353137050445, ""session_window"": ""10:00-11:00"", ""stop_loss"": 2309.196316, ""stop_mode"": ""swing_or_fvg"", ""target_mode"": ""fixed_r""}",0.17129814941621146,3.2123823843054415,True,False,False
silver_bullet,ict,short,ETHUSDT,5m,1776787200000,edge,swing_or_fvg,fixed_r,2314.9,2314.9,2314.9,2316.7329799999998,2316.7329799999998,2311.2340400000007,1.8329799999996794,7.918182210893254,conservative,False,10:00-11:00,2026-04-21 10:50,,,2314.9,2318.42,2316.66,,,,,,,,,2.0,"{""entry_mode"": ""edge"", ""entry_price"": 2314.9, ""fvg_ce"": 2316.66, ""fvg_high"": 2318.42, ""fvg_low"": 2314.9, ""fvg_time"": 1776783000000, ""model_family"": ""ict"", ""ny_time"": ""2026-04-21 10:50"", ""risk"": 1.8329799999996794, ""risk_bps"": 7.918182210893254, ""session_window"": ""10:00-11:00"", ""stop_loss"": 2316.7329799999998, ""stop_mode"": ""swing_or_fvg"", ""target_mode"": ""fixed_r""}",18.592674224490114,4.871848028893604,False,True,True
silver_bullet,ict,short,ETHUSDT,5m,1776868800000,edge,swing_or_fvg,fixed_r,2403.99,2403.99,2403.99,2419.2807980000002,2419.2807980000002,2373.408403999999,15.29079800000045,63.60591350213791,conservative,False,10:00-11:00,2026-04-22 10:35,,,2403.99,2409.58,2406.785,,,,,,,,,2.0,"{""entry_mode"": ""edge"", ""entry_price"": 2403.99, ""fvg_ce"": 2406.785, ""fvg_high"": 2409.58, ""fvg_low"": 2403.99, ""fvg_time"": 1776868500000, ""model_family"": ""ict"", ""ny_time"": ""2026-04-22 10:35"", ""risk"": 15.29079800000045, ""risk_bps"": 63.60591350213791, ""session_window"": ""10:00-11:00"", ""stop_loss"": 2419.2807980000002, ""stop_mode"": ""swing_or_fvg"", ""target_mode"": ""fixed_r""}",0.9960238831223273,0.5813954248823421,False,False,False
silver_bullet,ict,long,ETHUSDT,5m,1776954900000,edge,swing_or_fvg,fixed_r,2325.1,2325.1,2325.1,2317.03498,2317.03498,2341.23004,8.065020000000004,34.68676616059526,conservative,False,10:00-11:00,2026-04-23 10:25,,,2322.33,2325.1,2323.715,,,,,,,,,2.0,"{""entry_mode"": ""edge"", ""entry_price"": 2325.1, ""fvg_ce"": 2323.715, ""fvg_high"": 2325.1, ""fvg_low"": 2322.33, ""fvg_time"": 1776954300000, ""model_family"": ""ict"", ""ny_time"": ""2026-04-23 10:25"", ""risk"": 8.065020000000004, ""risk_bps"": 34.68676616059526, ""session_window"": ""10:00-11:00"", ""stop_loss"": 2317.03498, ""stop_mode"": ""swing_or_fvg"", ""target_mode"": ""fixed_r""}",2.2640985391233013,0.3496581533585419,False,True,True
silver_bullet,ict,short,ETHUSDT,5m,1777041000000,edge,swing_or_fvg,fixed_r,2307.72,2307.72,2307.72,2315.3315439999997,2315.3315439999997,2292.496912,7.611543999999867,32.9829615377943,conservative,False,10:00-11:00,2026-04-24 10:25,,,2307.72,2308.58,2308.1499999999996,,,,,,,,,2.0,"{""entry_mode"": ""edge"", ""entry_price"": 2307.72, ""fvg_ce"": 2308.1499999999996, ""fvg_high"": 2308.58, ""fvg_low"": 2307.72, ""fvg_time"": 1777040700000, ""model_family"": ""ict"", ""ny_time"": ""2026-04-24 10:25"", ""risk"": 7.611543999999867, ""risk_bps"": 32.9829615377943, ""session_window"": ""10:00-11:00"", ""stop_loss"": 2315.3315439999997, ""stop_mode"": ""swing_or_fvg"", ""target_mode"": ""fixed_r""}",1.0142488830124263,2.7681637260456657,True,False,False
silver_bullet,ict,long,ETHUSDT,5m,1777041900000,edge,swing_or_fvg,fixed_r,2311.47,2311.47,2311.47,2301.747706,2301.747706,2330.914587999999,9.722293999999692,42.061086667790164,conservative,False,10:00-11:00,2026-04-24 10:40,,,2310.84,2311.47,2311.1549999999997,,,,,,,,,2.0,"{""entry_mode"": ""edge"", ""entry_price"": 2311.47, ""fvg_ce"": 2311.1549999999997, ""fvg_high"": 2311.47, ""fvg_low"": 2310.84, ""fvg_time"": 1777041600000, ""model_family"": ""ict"", ""ny_time"": ""2026-04-24 10:40"", ""risk"": 9.722293999999692, ""risk_bps"": 42.061086667790164, ""session_window"": ""10:00-11:00"", ""stop_loss"": 2301.747706, ""stop_mode"": ""swing_or_fvg"", ""target_mode"": ""fixed_r""}",1.781472561928359,1.1797627185518318,True,False,False
silver_bullet,ict,short,ETHUSDT,5m,1777129500000,edge,swing_or_fvg,fixed_r,2315.58,2315.58,2315.58,2318.023116,2318.023116,2310.693768,2.443115999999918,10.550773456325924,conservative,False,10:00-11:00,2026-04-25 10:55,,,2315.58,2315.99,2315.785,,,,,,,,,2.0,"{""entry_mode"": ""edge"", ""entry_price"": 2315.58, ""fvg_ce"": 2315.785, ""fvg_high"": 2315.99, ""fvg_low"": 2315.58, ""fvg_time"": 1777128900000, ""model_family"": ""ict"", ""ny_time"": ""2026-04-25 10:55"", ""risk"": 2.443115999999918, ""risk_bps"": 10.550773456325924, ""session_window"": ""10:00-11:00"", ""stop_loss"": 2318.023116, ""stop_mode"": ""swing_or_fvg"", ""target_mode"": ""fixed_r""}",6.794601648059472,0.7162983665122977,False,True,True
silver_bullet,ict,short,SOLUSDT,1m,1777125960000,edge,swing_or_fvg,fixed_r,86.49,86.49,86.49,86.627298,86.627298,86.21540399999999,0.13729800000000125,15.874436351023386,conservative,False,10:00-11:00,2026-04-25 10:05,,,86.49,86.54,86.515,,,,,,,,,2.0,"{""entry_mode"": ""edge"", ""entry_price"": 86.49, ""fvg_ce"": 86.515, ""fvg_high"": 86.54, ""fvg_low"": 86.49, ""fvg_time"": 1777125900000, ""model_family"": ""ict"", ""ny_time"": ""2026-04-25 10:05"", ""risk"": 0.13729800000000125, ""risk_bps"": 15.874436351023386, ""session_window"": ""10:00-11:00"", ""stop_loss"": 86.627298, ""stop_mode"": ""swing_or_fvg"", ""target_mode"": ""fixed_r""}",0.21850281868636734,0.655508456059102,False,False,False
silver_bullet,ict,long,SOLUSDT,1m,1777126200000,edge,swing_or_fvg,fixed_r,86.56,86.56,86.56,86.452688,86.452688,86.77462400000002,0.1073120000000074,12.39741219963117,conservative,False,10:00-11:00,2026-04-25 10:09,,,86.54,86.56,86.55000000000001,,,,,,,,,2.0,"{""entry_mode"": ""edge"", ""entry_price"": 86.56, ""fvg_ce"": 86.55000000000001, ""fvg_high"": 86.56, ""fvg_low"": 86.54, ""fvg_time"": 1777126140000, ""model_family"": ""ict"", ""ny_time"": ""2026-04-25 10:09"", ""risk"": 0.1073120000000074, ""risk_bps"": 12.39741219963117, ""session_window"": ""10:00-11:00"", ""stop_loss"": 86.452688, ""stop_mode"": ""swing_or_fvg"", ""target_mode"": ""fixed_r""}",0.3727448933948606,0.9318622334874164,False,False,False
silver_bullet,ict,short,SOLUSDT,1m,1777126320000,edge,swing_or_fvg,fixed_r,86.54,86.54,86.54,86.587308,86.587308,86.44538400000003,0.047307999999986805,5.46660503813113,conservative,False,10:00-11:00,2026-04-25 10:11,,,86.54,86.56,86.55000000000001,,,,,,,,,2.0,"{""entry_mode"": ""edge"", ""entry_price"": 86.54, ""fvg_ce"": 86.55000000000001, ""fvg_high"": 86.56, ""fvg_low"": 86.54, ""fvg_time"": 1777126260000, ""model_family"": ""ict"", ""ny_time"": ""2026-04-25 10:11"", ""risk"": 0.047307999999986805, ""risk_bps"": 5.46660503813113, ""session_window"": ""10:00-11:00"", ""stop_loss"": 86.587308, ""stop_mode"": ""swing_or_fvg"", ""target_mode"": ""fixed_r""}",1.691045911897244,1.2682844339224824,True,False,False
silver_bullet,ict,long,SOLUSDT,1m,1777126740000,edge,swing_or_fvg,fixed_r,86.54,86.54,86.54,86.442692,86.442692,86.73461600000003,0.09730800000001238,11.244280101688512,conservative,False,10:00-11:00,2026-04-25 10:18,,,86.53,86.54,86.535,,,,,,,,,2.0,"{""entry_mode"": ""edge"", ""entry_price"": 86.54, ""fvg_ce"": 86.535, ""fvg_high"": 86.54, ""fvg_low"": 86.53, ""fvg_time"": 1777126680000, ""model_family"": ""ict"", ""ny_time"": ""2026-04-25 10:18"", ""risk"": 0.09730800000001238, ""risk_bps"": 11.244280101688512, ""session_window"": ""10:00-11:00"", ""stop_loss"": 86.442692, ""stop_mode"": ""swing_or_fvg"", ""target_mode"": ""fixed_r""}",0.6165988407939782,0.5138323673285342,False,False,False
silver_bullet,ict,short,SOLUSDT,1m,1777126860000,edge,swing_or_fvg,fixed_r,86.5,86.5,86.5,86.57730000000001,86.57730000000001,86.34539999999998,0.07730000000000814,8.936416184972039,conservative,False,10:00-11:00,2026-04-25 10:20,,,86.5,86.54,86.52000000000001,,,,,,,,,2.0,"{""entry_mode"": ""edge"", ""entry_price"": 86.5, ""fvg_ce"": 86.52000000000001, ""fvg_high"": 86.54, ""fvg_low"": 86.5, ""fvg_time"": 1777126800000, ""model_family"": ""ict"", ""ny_time"": ""2026-04-25 10:20"", ""risk"": 0.07730000000000814, ""risk_bps"": 8.936416184972039, ""session_window"": ""10:00-11:00"", ""stop_loss"": 86.57730000000001, ""stop_mode"": ""swing_or_fvg"", ""target_mode"": ""fixed_r""}",0.0,1.2936610608018602,True,False,False
silver_bullet,ict,long,SOLUSDT,1m,1777127040000,edge,swing_or_fvg,fixed_r,86.54,86.54,86.54,86.442692,86.442692,86.73461600000003,0.09730800000001238,11.244280101688512,conservative,False,10:00-11:00,2026-04-25 10:23,,,86.53,86.54,86.535,,,,,,,,,2.0,"{""entry_mode"": ""edge"", ""entry_price"": 86.54, ""fvg_ce"": 86.535, ""fvg_high"": 86.54, ""fvg_low"": 86.53, ""fvg_time"": 1777126980000, ""model_family"": ""ict"", ""ny_time"": ""2026-04-25 10:23"", ""risk"": 0.09730800000001238, ""risk_bps"": 11.244280101688512, ""session_window"": ""10:00-11:00"", ""stop_loss"": 86.442692, ""stop_mode"": ""swing_or_fvg"", ""target_mode"": ""fixed_r""}",0.6165988407939782,0.0,False,False,False
silver_bullet,ict,long,SOLUSDT,1m,1777127280000,edge,swing_or_fvg,fixed_r,86.56,86.56,86.56,86.492688,86.492688,86.694624,0.06731200000000115,7.7763401109058625,conservative,False,10:00-11:00,2026-04-25 10:27,,,86.55,86.56,86.555,,,,,,,,,2.0,"{""entry_mode"": ""edge"", ""entry_price"": 86.56, ""fvg_ce"": 86.555, ""fvg_high"": 86.56, ""fvg_low"": 86.55, ""fvg_time"": 1777127220000, ""model_family"": ""ict"", ""ny_time"": ""2026-04-25 10:27"", ""risk"": 0.06731200000000115, ""risk_bps"": 7.7763401109058625, ""session_window"": ""10:00-11:00"", ""stop_loss"": 86.492688, ""stop_mode"": ""swing_or_fvg"", ""target_mode"": ""fixed_r""}",0.5942476824339101,0.29712384121695506,False,False,False
silver_bullet,ict,short,SOLUSDT,1m,1777127760000,edge,swing_or_fvg,fixed_r,86.58,86.58,86.58,86.61731599999999,86.61731599999999,86.50536800000002,0.03731599999998991,4.310002310001145,conservative,False,10:00-11:00,2026-04-25 10:35,,,86.58,86.59,86.58500000000001,,,,,,,,,2.0,"{""entry_mode"": ""edge"", ""entry_price"": 86.58, ""fvg_ce"": 86.58500000000001, ""fvg_high"": 86.59, ""fvg_low"": 86.58, ""fvg_time"": 1777127700000, ""model_family"": ""ict"", ""ny_time"": ""2026-04-25 10:35"", ""risk"": 0.03731599999998991, ""risk_bps"": 4.310002310001145, ""session_window"": ""10:00-11:00"", ""stop_loss"": 86.61731599999999, ""stop_mode"": ""swing_or_fvg"", ""target_mode"": ""fixed_r""}",3.7517418801596745,0.5359631257369876,False,True,True
silver_bullet,ict,short,SOLUSDT,1m,1777127880000,edge,swing_or_fvg,fixed_r,86.56,86.56,86.56,86.617312,86.617312,86.44537600000001,0.05731199999999603,6.621072088724126,conservative,False,10:00-11:00,2026-04-25 10:37,,,86.56,86.57,86.565,,,,,,,,,2.0,"{""entry_mode"": ""edge"", ""entry_price"": 86.56, ""fvg_ce"": 86.565, ""fvg_high"": 86.57, ""fvg_low"": 86.56, ""fvg_time"": 1777127820000, ""model_family"": ""ict"", ""ny_time"": ""2026-04-25 10:37"", ""risk"": 0.05731199999999603, ""risk_bps"": 6.621072088724126, ""session_window"": ""10:00-11:00"", ""stop_loss"": 86.617312, ""stop_mode"": ""swing_or_fvg"", ""target_mode"": ""fixed_r""}",2.966219988833289,0.6979341150194516,False,True,True
silver_bullet,ict,long,SOLUSDT,1m,1777128000000,edge,swing_or_fvg,fixed_r,86.57,86.57,86.57,86.52268600000001,86.52268600000001,86.66462799999996,0.04731399999998587,5.465403719531693,conservative,False,10:00-11:00,2026-04-25 10:39,,,86.56,86.57,86.565,,,,,,,,,2.0,"{""entry_mode"": ""edge"", ""entry_price"": 86.57, ""fvg_ce"": 86.565, ""fvg_high"": 86.57, ""fvg_low"": 86.56, ""fvg_time"": 1777127940000, ""model_family"": ""ict"", ""ny_time"": ""2026-04-25 10:39"", ""risk"": 0.04731399999998587, ""risk_bps"": 5.465403719531693, ""session_window"": ""10:00-11:00"", ""stop_loss"": 86.52268600000001, ""stop_mode"": ""swing_or_fvg"", ""target_mode"": ""fixed_r""}",0.6340617998903094,4.438432599231866,True,False,False
silver_bullet,ict,short,SOLUSDT,1m,1777129140000,edge,swing_or_fvg,fixed_r,86.45,86.45,86.45,86.54729,86.54729,86.25542,0.09729000000000099,11.25390399074621,conservative,False,10:00-11:00,2026-04-25 10:58,,,86.45,86.47,86.46000000000001,,,,,,,,,2.0,"{""entry_mode"": ""edge"", ""entry_price"": 86.45, ""fvg_ce"": 86.46000000000001, ""fvg_high"": 86.47, ""fvg_low"": 86.45, ""fvg_time"": 1777129080000, ""model_family"": ""ict"", ""ny_time"": ""2026-04-25 10:58"", ""risk"": 0.09729000000000099, ""risk_bps"": 11.25390399074621, ""session_window"": ""10:00-11:00"", ""stop_loss"": 86.54729, ""stop_mode"": ""swing_or_fvg"", ""target_mode"": ""fixed_r""}",0.9250693802035409,0.8222838935142099,False,False,False
silver_bullet,ict,long,SOLUSDT,5m,1776782700000,edge,swing_or_fvg,fixed_r,86.51,86.51,86.51,85.912698,85.912698,87.704604,0.5973019999999991,69.04427233845787,conservative,False,10:00-11:00,2026-04-21 10:40,,,86.39,86.51,86.45,,,,,,,,,2.0,"{""entry_mode"": ""edge"", ""entry_price"": 86.51, ""fvg_ce"": 86.45, ""fvg_high"": 86.51, ""fvg_low"": 86.39, ""fvg_time"": 1776782400000, ""model_family"": ""ict"", ""ny_time"": ""2026-04-21 10:40"", ""risk"": 0.5973019999999991, ""risk_bps"": 69.04427233845787, ""session_window"": ""10:00-11:00"", ""stop_loss"": 85.912698, ""stop_mode"": ""swing_or_fvg"", ""target_mode"": ""fixed_r""}",0.0,1.9588081071216963,True,False,False
silver_bullet,ict,short,SOLUSDT,5m,1776868800000,edge,swing_or_fvg,fixed_r,88.87,88.87,88.87,89.237774,89.237774,88.13445200000001,0.36777399999999716,41.38336896590493,conservative,False,10:00-11:00,2026-04-22 10:35,,,88.87,89.0,88.935,,,,,,,,,2.0,"{""entry_mode"": ""edge"", ""entry_price"": 88.87, ""fvg_ce"": 88.935, ""fvg_high"": 89.0, ""fvg_low"": 88.87, ""fvg_time"": 1776868500000, ""model_family"": ""ict"", ""ny_time"": ""2026-04-22 10:35"", ""risk"": 0.36777399999999716, ""risk_bps"": 41.38336896590493, ""session_window"": ""10:00-11:00"", ""stop_loss"": 89.237774, ""stop_mode"": ""swing_or_fvg"", ""target_mode"": ""fixed_r""}",2.990967278818016,0.0,False,True,True
silver_bullet,ict,long,SOLUSDT,5m,1776956700000,edge,swing_or_fvg,fixed_r,85.77,85.77,85.77,85.732846,85.732846,85.844308,0.03715400000000102,4.331817651859744,conservative,False,10:00-11:00,2026-04-23 10:25,,,85.69,85.77,85.72999999999999,,,,,,,,,2.0,"{""entry_mode"": ""edge"", ""entry_price"": 85.77, ""fvg_ce"": 85.72999999999999, ""fvg_high"": 85.77, ""fvg_low"": 85.69, ""fvg_time"": 1776954300000, ""model_family"": ""ict"", ""ny_time"": ""2026-04-23 10:25"", ""risk"": 0.03715400000000102, ""risk_bps"": 4.331817651859744, ""session_window"": ""10:00-11:00"", ""stop_loss"": 85.732846, ""stop_mode"": ""swing_or_fvg"", ""target_mode"": ""fixed_r""}",22.608602034773654,0.26915002422325,False,True,True
silver_bullet,ict,short,SOLUSDT,5m,1777041000000,edge,swing_or_fvg,fixed_r,85.78,85.78,85.78,86.097156,86.097156,85.145688,0.3171559999999971,36.9731872231286,conservative,False,10:00-11:00,2026-04-24 10:25,,,85.78,85.8,85.78999999999999,,,,,,,,,2.0,"{""entry_mode"": ""edge"", ""entry_price"": 85.78, ""fvg_ce"": 85.78999999999999, ""fvg_high"": 85.8, ""fvg_low"": 85.78, ""fvg_time"": 1777040700000, ""model_family"": ""ict"", ""ny_time"": ""2026-04-24 10:25"", ""risk"": 0.3171559999999971, ""risk_bps"": 36.9731872231286, ""session_window"": ""10:00-11:00"", ""stop_loss"": 86.097156, ""stop_mode"": ""swing_or_fvg"", ""target_mode"": ""fixed_r""}",1.008967195954074,2.459357540138002,True,False,False
silver_bullet,ict,long,SOLUSDT,5m,1777041900000,edge,swing_or_fvg,fixed_r,86.04,86.04,86.04,85.582792,85.582792,86.95441600000002,0.4572080000000085,53.1390051139015,conservative,False,10:00-11:00,2026-04-24 10:40,,,86.02,86.04,86.03,,,,,,,,,2.0,"{""entry_mode"": ""edge"", ""entry_price"": 86.04, ""fvg_ce"": 86.03, ""fvg_high"": 86.04, ""fvg_low"": 86.02, ""fvg_time"": 1777041600000, ""model_family"": ""ict"", ""ny_time"": ""2026-04-24 10:40"", ""risk"": 0.4572080000000085, ""risk_bps"": 53.1390051139015, ""session_window"": ""10:00-11:00"", ""stop_loss"": 85.582792, ""stop_mode"": ""swing_or_fvg"", ""target_mode"": ""fixed_r""}",1.1373379293450385,1.2685692288848878,True,False,False
silver_bullet,ict,short,SOLUSDT,5m,1777042800000,edge,swing_or_fvg,fixed_r,86.0,86.0,86.0,86.1772,86.1772,85.6456,0.17719999999999914,20.6046511627906,conservative,False,10:00-11:00,2026-04-24 10:50,,,86.0,86.04,86.02000000000001,,,,,,,,,2.0,"{""entry_mode"": ""edge"", ""entry_price"": 86.0, ""fvg_ce"": 86.02000000000001, ""fvg_high"": 86.04, ""fvg_low"": 86.0, ""fvg_time"": 1777042200000, ""model_family"": ""ict"", ""ny_time"": ""2026-04-24 10:50"", ""risk"": 0.17719999999999914, ""risk_bps"": 20.6046511627906, ""session_window"": ""10:00-11:00"", ""stop_loss"": 86.1772, ""stop_mode"": ""swing_or_fvg"", ""target_mode"": ""fixed_r""}",2.0316027088036184,3.160270880361202,False,True,True
silver_bullet,ict,long,SOLUSDT,5m,1777127700000,edge,swing_or_fvg,fixed_r,86.57,86.57,86.57,86.442686,86.442686,86.82462799999999,0.12731399999999837,14.70648030495534,conservative,False,10:00-11:00,2026-04-25 10:30,,,86.56,86.57,86.565,,,,,,,,,2.0,"{""entry_mode"": ""edge"", ""entry_price"": 86.57, ""fvg_ce"": 86.565, ""fvg_high"": 86.57, ""fvg_low"": 86.56, ""fvg_time"": 1777127400000, ""model_family"": ""ict"", ""ny_time"": ""2026-04-25 10:30"", ""risk"": 0.12731399999999837, ""risk_bps"": 14.70648030495534, ""session_window"": ""10:00-11:00"", ""stop_loss"": 86.442686, ""stop_mode"": ""swing_or_fvg"", ""target_mode"": ""fixed_r""}",0.23563787171875458,3.8487519047394723,True,False,False
silver_bullet,ict,short,SOLUSDT,5m,1777129800000,edge,swing_or_fvg,fixed_r,86.53,86.53,86.53,86.597306,86.597306,86.395388,0.06730600000000209,7.778342771293434,conservative,False,10:00-11:00,2026-04-25 10:55,,,86.53,86.57,86.55,,,,,,,,,2.0,"{""entry_mode"": ""edge"", ""entry_price"": 86.53, ""fvg_ce"": 86.55, ""fvg_high"": 86.57, ""fvg_low"": 86.53, ""fvg_time"": 1777128900000, ""model_family"": ""ict"", ""ny_time"": ""2026-04-25 10:55"", ""risk"": 0.06730600000000209, ""risk_bps"": 7.778342771293434, ""session_window"": ""10:00-11:00"", ""stop_loss"": 86.597306, ""stop_mode"": ""swing_or_fvg"", ""target_mode"": ""fixed_r""}",14.560366089204136,0.7428758208777169,False,True,True
