model,model_family,direction,symbol,timeframe,timestamp,setup_timestamp,detected_at,entry_time,entry_mode,stop_mode,target_mode,entry_price,entry_low,entry_high,stop_loss,invalidation,target_hint,risk,risk_bps,same_bar_policy,same_bar_ambiguous,activated_trade,invalidated_before_entry,session_window,ny_time,htf_mode,htf_bias,htf_location,htf_zone_type,htf_objective_type,htf_context_alignment,htf_score_modifier,pd_array_type,pd_array_age_bars,p_d_value,has_smt_confirmation,smt_direction,smt_pair,smt_strength,decision_score,score_bucket,htf_alignment_score,draw_score,pd_location_score,poi_score,displacement_score,smt_score,killzone_score,target_rr_score,no_trade_reasons,pre_model_filter_pass,pre_model_allowed_directions,pre_model_reasons,htf_inside_poi,htf_approaching_poi,swept_level,sweep_extreme,sweep_liquidity_quality,sweep_level_age_bars,displacement_grade,displacement_factor,body_ratio,range_expansion,breach_displacement_grade,turtle_quality,time_to_confirmation_bars,ltf_trigger_type,fvg_low,fvg_high,fvg_ce,ifvg_low,ifvg_high,ifvg_ce,source_fvg_age_bars,source_fvg_touches_before_inversion,ob_low,ob_high,breaker_low,breaker_high,poi_retest_count,trigger_to_retest_bars,rejection_body_level,rejection_wick_extreme,mitigation_low,mitigation_high,time_to_retest_bars,retest_time,target_distance_r,time_to_entry_bars,bars_to_invalidation,bars_to_1r,bars_to_2r,metadata_json,mfe_r,mae_r,invalidated,target_hit,target_before_invalidation,hit_1r_before_invalidation,hit_2r_before_invalidation
rejection_block,ict,short,BTCUSDT,4h,1748203200000,1748203200000,1748217600000,1748203200000,body_level,wick_extreme,nearest_liquidity,109152.2,109152.2,109152.2,109462.03044,109462.03044,106721.9,309.8304400000052,28.38517592865789,conservative,False,True,False,,,strict,bearish,premium,IFVG,swing_low,aligned,0.8,IFVG,2,1.0,False,,,,97,high,40,12,15,10,0,0,0,20,,True,short,,True,True,,,,,,,,,,,,,,,,,,,,,,,,,,,109152.2,109440.2,,,,,7.843967816719243,1,1,,,"{""current_wick_extreme"": 109285.1, ""dealing_range_source"": ""long_swing_pair"", ""entry_mode"": ""body_level"", ""entry_price"": 109152.2, ""has_smt_confirmation"": false, ""htf_allows_long"": false, ""htf_allows_short"": true, ""htf_approaching_poi"": true, ""htf_bias"": ""bearish"", ""htf_confidence"": 0.55, ""htf_context_alignment"": ""aligned"", ""htf_draw_direction"": ""down"", ""htf_inside_poi"": true, ""htf_location"": ""premium"", ""htf_mode"": ""strict"", ""htf_objective"": ""down"", ""htf_objective_level"": 102038.8, ""htf_objective_quality"": ""strong"", ""htf_objective_reached"": false, ""htf_objective_type"": ""swing_low"", ""htf_objective_unreached"": true, ""htf_poi_direction"": ""bearish"", ""htf_reason"": ""HTF bearish premium bearish IFVG; swing_low down"", ""htf_score_modifier"": 0.8, ""htf_structure_bias"": ""bearish"", ""htf_zone_high"": 109153.4, ""htf_zone_low"": 107292.5, ""htf_zone_type"": ""IFVG"", ""model_family"": ""ict"", ""objective_is_equal_high_low"": false, ""objective_liquidity_quality"": ""strong"", ""objective_type"": ""swing_low"", ""objective_unreached"": true, ""p_d_value"": 1.0, ""pd_array_age_bars"": 2, ""pd_array_type"": ""IFVG"", ""pre_model_allowed_directions"": ""short"", ""pre_model_filter_pass"": true, ""pre_model_reasons"": """", ""rejection_body_level"": 109152.2, ""rejection_wick_extreme"": 109440.2, ""risk"": 309.8304400000052, ""risk_bps"": 28.38517592865789, ""session_filter"": ""off"", ""source_swing_significance"": ""intermediate"", ""source_swing_time"": 1748073600000, ""stop_loss"": 109462.03044, ""stop_mode"": ""wick_extreme"", ""target_mode"": ""nearest_liquidity""}",7.837512673060666,4.995635677372362,True,False,False,False,False
ifvg_retest,ict,long,BTCUSDT,4h,1750046400000,1750046400000,1750204800000,1750060800000,edge,ce,nearest_liquidity,106621.0,106621.0,106621.0,106119.6758,106119.6758,108398.4,501.32420000000275,47.01927387662869,conservative,False,True,False,,,strict,bullish,discount,PD,swing_high,aligned,0.8,PD,0,0.31322453853425486,False,,,,100,high,40,12,15,10,15,0,0,20,,True,long,,True,False,,,,,valid,,,,valid,,,,,,,105661.0,106621.0,106141.0,19,8,,,,,,,,,,,1,1750060800000,3.545410335268045,1,,1,2,"{""breach_close"": 107023.8, ""breach_displacement_factor"": 0.7506063234151663, ""breach_displacement_grade"": ""valid"", ""breach_time"": 1750046400000, ""dealing_range_source"": ""long_swing_pair"", ""displacement_grade"": ""valid"", ""entry_mode"": ""edge"", ""entry_price"": 106621.0, ""entry_time"": 1750060800000, ""has_smt_confirmation"": false, ""htf_allows_long"": true, ""htf_allows_short"": false, ""htf_approaching_poi"": false, ""htf_bias"": ""bullish"", ""htf_confidence"": 1.0, ""htf_context_alignment"": ""aligned"", ""htf_draw_direction"": ""up"", ""htf_inside_poi"": true, ""htf_location"": ""discount"", ""htf_mode"": ""strict"", ""htf_objective"": ""up"", ""htf_objective_level"": 105863.1, ""htf_objective_quality"": ""strong"", ""htf_objective_reached"": false, ""htf_objective_type"": ""swing_high"", ""htf_objective_unreached"": true, ""htf_poi_direction"": ""bullish"", ""htf_reason"": ""HTF bullish discount bullish PD; swing_high up"", ""htf_score_modifier"": 0.8, ""htf_structure_bias"": ""bullish"", ""htf_zone_high"": 106633.8, ""htf_zone_low"": 106633.8, ""htf_zone_type"": ""PD"", ""ifvg_ce"": 106141.0, ""ifvg_ce_breached_by_retest_close"": false, ""ifvg_ce_invalidation"": 106141.0, ""ifvg_high"": 106621.0, ""ifvg_low"": 105661.0, ""model_family"": ""ict"", ""objective_is_equal_high_low"": false, ""objective_liquidity_quality"": ""strong"", ""objective_type"": ""swing_high"", ""objective_unreached"": true, ""p_d_value"": 0.31322453853425486, ""pd_array_age_bars"": 0, ""pd_array_type"": ""PD"", ""pre_model_allowed_directions"": ""long"", ""pre_model_filter_pass"": true, ""pre_model_reasons"": """", ""retest_depth"": 0.084375, ""retest_time"": 1750060800000, ""risk"": 501.32420000000275, ""risk_bps"": 47.01927387662869, ""source_fvg_age_bars"": 19, ""source_fvg_direction"": ""bearish"", ""source_fvg_time"": 1749772800000, ""source_fvg_touches_before_inversion"": 8, ""stop_loss"": 106119.6758, ""stop_mode"": ""ce"", ""target_mode"": ""nearest_liquidity"", ""time_to_retest_bars"": 1}",4.545960478269326,6.624455791282331,False,True,True,True,True
rejection_block,ict,long,BTCUSDT,4h,1750233600000,1750233600000,1750248000000,1750233600000,body_level,wick_extreme,nearest_liquidity,104199.2,104199.2,104199.2,103279.16016,103279.16016,105283.0,920.0398399999976,88.29624795583821,conservative,False,True,False,,,strict,bullish,discount,PD,swing_high,aligned,0.8,PD,0,0.2649634310164679,False,,,,77,high,40,12,15,10,0,0,0,0,target_rr_below_2,True,long,,True,False,,,,,,,,,,,,,,,,,,,,,,,,,,,104199.2,103300.0,,,,,1.1779924660653887,1,,1,,"{""current_wick_extreme"": 104111.4, ""dealing_range_source"": ""long_swing_pair"", ""entry_mode"": ""body_level"", ""entry_price"": 104199.2, ""has_smt_confirmation"": false, ""htf_allows_long"": true, ""htf_allows_short"": false, ""htf_approaching_poi"": false, ""htf_bias"": ""bullish"", ""htf_confidence"": 1.0, ""htf_context_alignment"": ""aligned"", ""htf_draw_direction"": ""up"", ""htf_inside_poi"": true, ""htf_location"": ""discount"", ""htf_mode"": ""strict"", ""htf_objective"": ""up"", ""htf_objective_level"": 105863.1, ""htf_objective_quality"": ""strong"", ""htf_objective_reached"": false, ""htf_objective_type"": ""swing_high"", ""htf_objective_unreached"": true, ""htf_poi_direction"": ""bullish"", ""htf_reason"": ""HTF bullish discount bullish PD; swing_high up"", ""htf_score_modifier"": 0.8, ""htf_structure_bias"": ""bullish"", ""htf_zone_high"": 106633.8, ""htf_zone_low"": 106633.8, ""htf_zone_type"": ""PD"", ""model_family"": ""ict"", ""objective_is_equal_high_low"": false, ""objective_liquidity_quality"": ""strong"", ""objective_type"": ""swing_high"", ""objective_unreached"": true, ""p_d_value"": 0.2649634310164679, ""pd_array_age_bars"": 0, ""pd_array_type"": ""PD"", ""pre_model_allowed_directions"": ""long"", ""pre_model_filter_pass"": true, ""pre_model_reasons"": """", ""rejection_body_level"": 104199.2, ""rejection_wick_extreme"": 103300.0, ""risk"": 920.0398399999976, ""risk_bps"": 88.29624795583821, ""session_filter"": ""off"", ""source_swing_significance"": ""long"", ""source_swing_time"": 1750176000000, ""stop_loss"": 103279.16016, ""stop_mode"": ""wick_extreme"", ""target_mode"": ""nearest_liquidity""}",2.4857619209185615,2.250989478890398,False,True,True,True,False
rejection_block,ict,long,BTCUSDT,4h,1750248000000,1750248000000,1750262400000,1750248000000,body_level,wick_extreme,nearest_liquidity,104199.2,104199.2,104199.2,103279.16016,103279.16016,105283.0,920.0398399999976,88.29624795583821,conservative,False,True,False,,,strict,bullish,discount,PD,swing_high,aligned,0.8,PD,0,0.1441987163540477,False,,,,77,high,40,12,15,10,0,0,0,0,target_rr_below_2,True,long,,True,False,,,,,,,,,,,,,,,,,,,,,,,,,,,104199.2,103300.0,,,,,1.1779924660653887,1,,3,,"{""current_wick_extreme"": 103750.0, ""dealing_range_source"": ""long_swing_pair"", ""entry_mode"": ""body_level"", ""entry_price"": 104199.2, ""has_smt_confirmation"": false, ""htf_allows_long"": true, ""htf_allows_short"": false, ""htf_approaching_poi"": false, ""htf_bias"": ""bullish"", ""htf_confidence"": 1.0, ""htf_context_alignment"": ""aligned"", ""htf_draw_direction"": ""up"", ""htf_inside_poi"": true, ""htf_location"": ""discount"", ""htf_mode"": ""strict"", ""htf_objective"": ""up"", ""htf_objective_level"": 105863.1, ""htf_objective_quality"": ""strong"", ""htf_objective_reached"": false, ""htf_objective_type"": ""swing_high"", ""htf_objective_unreached"": true, ""htf_poi_direction"": ""bullish"", ""htf_reason"": ""HTF bullish discount bullish PD; swing_high up"", ""htf_score_modifier"": 0.8, ""htf_structure_bias"": ""bullish"", ""htf_zone_high"": 106633.8, ""htf_zone_low"": 106633.8, ""htf_zone_type"": ""PD"", ""model_family"": ""ict"", ""objective_is_equal_high_low"": false, ""objective_liquidity_quality"": ""strong"", ""objective_type"": ""swing_high"", ""objective_unreached"": true, ""p_d_value"": 0.1441987163540477, ""pd_array_age_bars"": 0, ""pd_array_type"": ""PD"", ""pre_model_allowed_directions"": ""long"", ""pre_model_filter_pass"": true, ""pre_model_reasons"": """", ""rejection_body_level"": 104199.2, ""rejection_wick_extreme"": 103300.0, ""risk"": 920.0398399999976, ""risk_bps"": 88.29624795583821, ""session_filter"": ""off"", ""source_swing_significance"": ""long"", ""source_swing_time"": 1750176000000, ""stop_loss"": 103279.16016, ""stop_mode"": ""wick_extreme"", ""target_mode"": ""nearest_liquidity""}",2.4857619209185615,3.7056004009565626,False,True,True,True,False
rejection_block,ict,long,BTCUSDT,4h,1752883200000,1752883200000,1752897600000,1752883200000,body_level,wick_extreme,nearest_liquidity,117968.8,117968.8,117968.8,117389.20624,117389.20624,118176.9,579.5937600000034,49.13110585171701,conservative,False,True,False,,,strict,bullish,discount,FVG,swing_high,aligned,0.65,FVG,7,0.3223474461748378,False,,,,77,high,40,12,15,10,0,0,0,0,target_rr_below_2,True,long,,False,True,,,,,,,,,,,,,,,,,,,,,,,,,,,117968.8,117412.8,,,,,0.35904458322668975,1,,,,"{""current_wick_extreme"": 117588.0, ""dealing_range_source"": ""significant_swing_pair"", ""entry_mode"": ""body_level"", ""entry_price"": 117968.8, ""has_smt_confirmation"": false, ""htf_allows_long"": true, ""htf_allows_short"": false, ""htf_approaching_poi"": true, ""htf_bias"": ""bullish"", ""htf_confidence"": 0.8, ""htf_context_alignment"": ""aligned"", ""htf_draw_direction"": ""up"", ""htf_inside_poi"": false, ""htf_location"": ""discount"", ""htf_mode"": ""strict"", ""htf_objective"": ""up"", ""htf_objective_level"": 123300.0, ""htf_objective_quality"": ""strong"", ""htf_objective_reached"": false, ""htf_objective_type"": ""swing_high"", ""htf_objective_unreached"": true, ""htf_poi_direction"": ""bullish"", ""htf_reason"": ""HTF bullish discount bullish FVG; swing_high up"", ""htf_score_modifier"": 0.65, ""htf_structure_bias"": ""bullish"", ""htf_zone_high"": 115186.7, ""htf_zone_low"": 112036.8, ""htf_zone_type"": ""FVG"", ""model_family"": ""ict"", ""objective_is_equal_high_low"": false, ""objective_liquidity_quality"": ""strong"", ""objective_type"": ""swing_high"", ""objective_unreached"": true, ""p_d_value"": 0.3223474461748378, ""pd_array_age_bars"": 7, ""pd_array_type"": ""FVG"", ""pre_model_allowed_directions"": ""long"", ""pre_model_filter_pass"": true, ""pre_model_reasons"": """", ""rejection_body_level"": 117968.8, ""rejection_wick_extreme"": 117412.8, ""risk"": 579.5937600000034, ""risk_bps"": 49.13110585171701, ""session_filter"": ""off"", ""source_swing_significance"": ""intermediate"", ""source_swing_time"": 1752753600000, ""stop_loss"": 117389.20624, ""stop_mode"": ""wick_extreme"", ""target_mode"": ""nearest_liquidity""}",3.022461801521108,3.629783729900734,False,True,True,False,False
rejection_block,ict,long,BTCUSDT,4h,1752955200000,1752955200000,1752969600000,1752955200000,body_level,wick_extreme,nearest_liquidity,117361.7,117361.7,117361.7,116765.42766,116765.42766,118176.9,596.2723399999959,50.806382320637475,conservative,False,True,False,,,strict,bullish,discount,FVG,swing_high,aligned,0.65,FVG,8,0.2959891890473506,False,,,,77,high,40,12,15,10,0,0,0,0,target_rr_below_2,True,long,,False,True,,,,,,,,,,,,,,,,,,,,,,,,,,,117361.7,116788.9,,,,,1.3671605159481366,1,,1,,"{""current_wick_extreme"": 117245.9, ""dealing_range_source"": ""significant_swing_pair"", ""entry_mode"": ""body_level"", ""entry_price"": 117361.7, ""has_smt_confirmation"": false, ""htf_allows_long"": true, ""htf_allows_short"": false, ""htf_approaching_poi"": true, ""htf_bias"": ""bullish"", ""htf_confidence"": 0.8, ""htf_context_alignment"": ""aligned"", ""htf_draw_direction"": ""up"", ""htf_inside_poi"": false, ""htf_location"": ""discount"", ""htf_mode"": ""strict"", ""htf_objective"": ""up"", ""htf_objective_level"": 123300.0, ""htf_objective_quality"": ""strong"", ""htf_objective_reached"": false, ""htf_objective_type"": ""swing_high"", ""htf_objective_unreached"": true, ""htf_poi_direction"": ""bullish"", ""htf_reason"": ""HTF bullish discount bullish FVG; swing_high up"", ""htf_score_modifier"": 0.65, ""htf_structure_bias"": ""bullish"", ""htf_zone_high"": 115186.7, ""htf_zone_low"": 112036.8, ""htf_zone_type"": ""FVG"", ""model_family"": ""ict"", ""objective_is_equal_high_low"": false, ""objective_liquidity_quality"": ""strong"", ""objective_type"": ""swing_high"", ""objective_unreached"": true, ""p_d_value"": 0.2959891890473506, ""pd_array_age_bars"": 8, ""pd_array_type"": ""FVG"", ""pre_model_allowed_directions"": ""long"", ""pre_model_filter_pass"": true, ""pre_model_reasons"": """", ""rejection_body_level"": 117361.7, ""rejection_wick_extreme"": 116788.9, ""risk"": 596.2723399999959, ""risk_bps"": 50.806382320637475, ""session_filter"": ""off"", ""source_swing_significance"": ""short"", ""source_swing_time"": 1752868800000, ""stop_loss"": 116765.42766, ""stop_mode"": ""wick_extreme"", ""target_mode"": ""nearest_liquidity""}",4.927949533932815,2.5100946322615054,False,True,True,True,False
rejection_block,ict,long,BTCUSDT,4h,1752998400000,1752998400000,1753012800000,1752998400000,body_level,wick_extreme,nearest_liquidity,117814.4,117814.4,117814.4,117222.33712,117222.33712,118176.9,592.0628799999977,50.253863704266855,conservative,False,True,False,,,strict,bullish,discount,FVG,swing_high,aligned,0.65,FVG,8,0.39244807725107905,False,,,,77,high,40,12,15,10,0,0,0,0,target_rr_below_2,True,long,,False,True,,,,,,,,,,,,,,,,,,,,,,,,,,,117814.4,117245.9,,,,,0.6122660484980944,1,,1,,"{""current_wick_extreme"": 117801.0, ""dealing_range_source"": ""significant_swing_pair"", ""entry_mode"": ""body_level"", ""entry_price"": 117814.4, ""has_smt_confirmation"": false, ""htf_allows_long"": true, ""htf_allows_short"": false, ""htf_approaching_poi"": true, ""htf_bias"": ""bullish"", ""htf_confidence"": 0.8, ""htf_context_alignment"": ""aligned"", ""htf_draw_direction"": ""up"", ""htf_inside_poi"": false, ""htf_location"": ""discount"", ""htf_mode"": ""strict"", ""htf_objective"": ""up"", ""htf_objective_level"": 123300.0, ""htf_objective_quality"": ""strong"", ""htf_objective_reached"": false, ""htf_objective_type"": ""swing_high"", ""htf_objective_unreached"": true, ""htf_poi_direction"": ""bullish"", ""htf_reason"": ""HTF bullish discount bullish FVG; swing_high up"", ""htf_score_modifier"": 0.65, ""htf_structure_bias"": ""bullish"", ""htf_zone_high"": 115186.7, ""htf_zone_low"": 112036.8, ""htf_zone_type"": ""FVG"", ""model_family"": ""ict"", ""objective_is_equal_high_low"": false, ""objective_liquidity_quality"": ""strong"", ""objective_type"": ""swing_high"", ""objective_unreached"": true, ""p_d_value"": 0.39244807725107905, ""pd_array_age_bars"": 8, ""pd_array_type"": ""FVG"", ""pre_model_allowed_directions"": ""long"", ""pre_model_filter_pass"": true, ""pre_model_reasons"": """", ""rejection_body_level"": 117814.4, ""rejection_wick_extreme"": 117245.9, ""risk"": 592.0628799999977, ""risk_bps"": 50.253863704266855, ""session_filter"": ""off"", ""source_swing_significance"": ""short"", ""source_swing_time"": 1752955200000, ""stop_loss"": 117222.33712, ""stop_mode"": ""wick_extreme"", ""target_mode"": ""nearest_liquidity""}",4.198371632418539,3.292555682599122,False,True,True,True,False
rejection_block,ict,long,BTCUSDT,4h,1753012800000,1753012800000,1753027200000,1753012800000,body_level,wick_extreme,nearest_liquidity,117814.4,117814.4,117814.4,117222.33712,117222.33712,118176.9,592.0628799999977,50.253863704266855,conservative,False,True,False,,,strict,bullish,discount,FVG,swing_high,aligned,0.65,FVG,8,0.3218488828244917,False,,,,77,high,40,12,15,10,0,0,0,0,target_rr_below_2,True,long,,False,True,,,,,,,,,,,,,,,,,,,,,,,,,,,117814.4,117245.9,,,,,0.6122660484980944,1,,1,,"{""current_wick_extreme"": 117701.1, ""dealing_range_source"": ""significant_swing_pair"", ""entry_mode"": ""body_level"", ""entry_price"": 117814.4, ""has_smt_confirmation"": false, ""htf_allows_long"": true, ""htf_allows_short"": false, ""htf_approaching_poi"": true, ""htf_bias"": ""bullish"", ""htf_confidence"": 0.8, ""htf_context_alignment"": ""aligned"", ""htf_draw_direction"": ""up"", ""htf_inside_poi"": false, ""htf_location"": ""discount"", ""htf_mode"": ""strict"", ""htf_objective"": ""up"", ""htf_objective_level"": 123300.0, ""htf_objective_quality"": ""strong"", ""htf_objective_reached"": false, ""htf_objective_type"": ""swing_high"", ""htf_objective_unreached"": true, ""htf_poi_direction"": ""bullish"", ""htf_reason"": ""HTF bullish discount bullish FVG; swing_high up"", ""htf_score_modifier"": 0.65, ""htf_structure_bias"": ""bullish"", ""htf_zone_high"": 115186.7, ""htf_zone_low"": 112036.8, ""htf_zone_type"": ""FVG"", ""model_family"": ""ict"", ""objective_is_equal_high_low"": false, ""objective_liquidity_quality"": ""strong"", ""objective_type"": ""swing_high"", ""objective_unreached"": true, ""p_d_value"": 0.3218488828244917, ""pd_array_age_bars"": 8, ""pd_array_type"": ""FVG"", ""pre_model_allowed_directions"": ""long"", ""pre_model_filter_pass"": true, ""pre_model_reasons"": """", ""rejection_body_level"": 117814.4, ""rejection_wick_extreme"": 117245.9, ""risk"": 592.0628799999977, ""risk_bps"": 50.253863704266855, ""session_filter"": ""off"", ""source_swing_significance"": ""short"", ""source_swing_time"": 1752955200000, ""stop_loss"": 117222.33712, ""stop_mode"": ""wick_extreme"", ""target_mode"": ""nearest_liquidity""}",4.198371632418539,3.292555682599122,False,True,True,True,False
reclaimed_ob,ict,long,BTCUSDT,4h,1753012800000,1753012800000,1753041600000,1753027200000,body_edge,mean_threshold,nearest_liquidity,117984.3,117984.3,117984.3,117903.15314,117903.15314,118176.9,81.14686000000802,6.877767635186039,conservative,False,True,False,,,strict,bullish,discount,FVG,swing_high,aligned,0.65,FVG,8,0.20177383592017678,False,,,,87,high,40,12,15,10,0,0,0,10,target_rr_below_3,True,long,,False,True,,,,,,,,,,,,,,,,,,,,,117869.2,117984.3,,,,,,,,,,1753027200000,2.373474463460105,1,,1,1,"{""dealing_range_source"": ""significant_swing_pair"", ""entry_mode"": ""body_edge"", ""entry_price"": 117984.3, ""entry_time"": 1753027200000, ""has_smt_confirmation"": false, ""htf_allows_long"": true, ""htf_allows_short"": false, ""htf_approaching_poi"": true, ""htf_bias"": ""bullish"", ""htf_confidence"": 0.8, ""htf_context_alignment"": ""aligned"", ""htf_draw_direction"": ""up"", ""htf_inside_poi"": false, ""htf_location"": ""discount"", ""htf_mode"": ""strict"", ""htf_objective"": ""up"", ""htf_objective_level"": 123300.0, ""htf_objective_quality"": ""strong"", ""htf_objective_reached"": false, ""htf_objective_type"": ""swing_high"", ""htf_objective_unreached"": true, ""htf_poi_direction"": ""bullish"", ""htf_reason"": ""HTF bullish discount bullish FVG; swing_high up"", ""htf_score_modifier"": 0.65, ""htf_structure_bias"": ""bullish"", ""htf_zone_high"": 115186.7, ""htf_zone_low"": 112036.8, ""htf_zone_type"": ""FVG"", ""model_family"": ""ict"", ""ob_high"": 117984.3, ""ob_low"": 117869.2, ""ob_mean_threshold"": 117926.75, ""objective_is_equal_high_low"": false, ""objective_liquidity_quality"": ""strong"", ""objective_type"": ""swing_high"", ""objective_unreached"": true, ""p_d_value"": 0.20177383592017678, ""pd_array_age_bars"": 8, ""pd_array_type"": ""FVG"", ""pre_model_allowed_directions"": ""long"", ""pre_model_filter_pass"": true, ""pre_model_reasons"": """", ""prior_reaction_r"": 0.5, ""retest_count"": 1, ""retest_time"": 1753027200000, ""risk"": 81.14686000000802, ""risk_bps"": 6.877767635186039, ""source_ob_time"": 1752998400000, ""stop_loss"": 117903.15314, ""stop_mode"": ""mean_threshold"", ""target_mode"": ""nearest_liquidity""}",28.53838090592506,26.11684543308014,False,True,True,True,True
rejection_block,ict,long,BTCUSDT,4h,1753128000000,1753128000000,1753142400000,1753128000000,body_level,wick_extreme,nearest_liquidity,117216.0,117216.0,117216.0,116346.65680000001,116346.65680000001,118176.9,869.3431999999884,74.16591591591492,conservative,False,True,False,,,strict,bullish,discount,FVG,swing_high,aligned,0.65,FVG,10,0.28423787309894866,False,,,,77,high,40,12,15,10,0,0,0,0,target_rr_below_2,True,long,,False,True,,,,,,,,,,,,,,,,,,,,,,,,,,,117216.0,116370.1,,,,,1.1053172095899606,1,1,,,"{""current_wick_extreme"": 116566.9, ""dealing_range_source"": ""significant_swing_pair"", ""entry_mode"": ""body_level"", ""entry_price"": 117216.0, ""has_smt_confirmation"": false, ""htf_allows_long"": true, ""htf_allows_short"": false, ""htf_approaching_poi"": true, ""htf_bias"": ""bullish"", ""htf_confidence"": 0.8, ""htf_context_alignment"": ""aligned"", ""htf_draw_direction"": ""up"", ""htf_inside_poi"": false, ""htf_location"": ""discount"", ""htf_mode"": ""strict"", ""htf_objective"": ""up"", ""htf_objective_level"": 120951.5, ""htf_objective_quality"": ""strong"", ""htf_objective_reached"": false, ""htf_objective_type"": ""swing_high"", ""htf_objective_unreached"": true, ""htf_poi_direction"": ""bullish"", ""htf_reason"": ""HTF bullish discount bullish FVG; swing_high up"", ""htf_score_modifier"": 0.65, ""htf_structure_bias"": ""bullish"", ""htf_zone_high"": 115186.7, ""htf_zone_low"": 112036.8, ""htf_zone_type"": ""FVG"", ""model_family"": ""ict"", ""objective_is_equal_high_low"": false, ""objective_liquidity_quality"": ""strong"", ""objective_type"": ""swing_high"", ""objective_unreached"": true, ""p_d_value"": 0.28423787309894866, ""pd_array_age_bars"": 10, ""pd_array_type"": ""FVG"", ""pre_model_allowed_directions"": ""long"", ""pre_model_filter_pass"": true, ""pre_model_reasons"": """", ""rejection_body_level"": 117216.0, ""rejection_wick_extreme"": 116370.1, ""risk"": 869.3431999999884, ""risk_bps"": 74.16591591591492, ""session_filter"": ""off"", ""source_swing_significance"": ""intermediate"", ""source_swing_time"": 1753041600000, ""stop_loss"": 116346.65680000001, ""stop_mode"": ""wick_extreme"", ""target_mode"": ""nearest_liquidity""}",3.54762077853723,2.9317535353126716,True,False,False,False,False
rejection_block,ict,long,BTCUSDT,4h,1753876800000,1753876800000,1753891200000,1753876800000,body_level,wick_extreme,nearest_liquidity,117345.7,117345.7,117345.7,116899.53086,116899.53086,118456.0,446.16913999999815,38.02177156896232,conservative,False,True,False,,,strict,bullish,discount,FVG,swing_high,aligned,0.65,FVG,18,0.3901967050134912,False,,,,87,high,40,12,15,10,0,0,0,10,target_rr_below_3,True,long,,False,True,,,,,,,,,,,,,,,,,,,,,,,,,,,117345.7,116923.0,,,,,2.4885181435901362,1,1,,,"{""current_wick_extreme"": 117300.6, ""dealing_range_source"": ""long_swing_pair"", ""entry_mode"": ""body_level"", ""entry_price"": 117345.7, ""has_smt_confirmation"": false, ""htf_allows_long"": true, ""htf_allows_short"": false, ""htf_approaching_poi"": true, ""htf_bias"": ""bullish"", ""htf_confidence"": 0.8, ""htf_context_alignment"": ""aligned"", ""htf_draw_direction"": ""up"", ""htf_inside_poi"": false, ""htf_location"": ""discount"", ""htf_mode"": ""strict"", ""htf_objective"": ""up"", ""htf_objective_level"": 120300.1, ""htf_objective_quality"": ""strong"", ""htf_objective_reached"": false, ""htf_objective_type"": ""swing_high"", ""htf_objective_unreached"": true, ""htf_poi_direction"": ""bullish"", ""htf_reason"": ""HTF bullish discount bullish FVG; swing_high up"", ""htf_score_modifier"": 0.65, ""htf_structure_bias"": ""bullish"", ""htf_zone_high"": 115186.7, ""htf_zone_low"": 112036.8, ""htf_zone_type"": ""FVG"", ""model_family"": ""ict"", ""objective_is_equal_high_low"": false, ""objective_liquidity_quality"": ""strong"", ""objective_type"": ""swing_high"", ""objective_unreached"": true, ""p_d_value"": 0.3901967050134912, ""pd_array_age_bars"": 18, ""pd_array_type"": ""FVG"", ""pre_model_allowed_directions"": ""long"", ""pre_model_filter_pass"": true, ""pre_model_reasons"": """", ""rejection_body_level"": 117345.7, ""rejection_wick_extreme"": 116923.0, ""risk"": 446.16913999999815, ""risk_bps"": 38.02177156896232, ""session_filter"": ""off"", ""source_swing_significance"": ""short"", ""source_swing_time"": 1753804800000, ""stop_loss"": 116899.53086, ""stop_mode"": ""wick_extreme"", ""target_mode"": ""nearest_liquidity""}",3.5060694695289985,12.18304789076183,True,False,False,False,False
rejection_block,ict,long,BTCUSDT,4h,1755460800000,1755460800000,1755475200000,1755460800000,body_level,wick_extreme,nearest_liquidity,117329.8,117329.8,117329.8,117098.13404,117098.13404,117591.8,231.66595999999845,19.744852543854883,conservative,False,True,False,,,strict,bullish,discount,IFVG,swing_high,aligned,0.8,IFVG,10,0.26898295472447087,False,,,,77,high,40,12,15,10,0,0,0,0,target_rr_below_2,True,long,,True,True,,,,,,,,,,,,,,,,,,,,,,,,,,,117329.8,117121.6,,,,,1.130938701568421,1,1,,,"{""current_wick_extreme"": 117322.2, ""dealing_range_source"": ""long_swing_pair"", ""entry_mode"": ""body_level"", ""entry_price"": 117329.8, ""has_smt_confirmation"": false, ""htf_allows_long"": true, ""htf_allows_short"": false, ""htf_approaching_poi"": true, ""htf_bias"": ""bullish"", ""htf_confidence"": 1.0, ""htf_context_alignment"": ""aligned"", ""htf_draw_direction"": ""up"", ""htf_inside_poi"": true, ""htf_location"": ""discount"", ""htf_mode"": ""strict"", ""htf_objective"": ""up"", ""htf_objective_level"": 115686.0, ""htf_objective_quality"": ""strong"", ""htf_objective_reached"": false, ""htf_objective_type"": ""swing_high"", ""htf_objective_unreached"": true, ""htf_poi_direction"": ""bullish"", ""htf_reason"": ""HTF bullish discount bullish IFVG; swing_high up"", ""htf_score_modifier"": 0.8, ""htf_structure_bias"": ""bullish"", ""htf_zone_high"": 115373.9, ""htf_zone_low"": 114000.0, ""htf_zone_type"": ""IFVG"", ""model_family"": ""ict"", ""objective_is_equal_high_low"": false, ""objective_liquidity_quality"": ""strong"", ""objective_type"": ""swing_high"", ""objective_unreached"": true, ""p_d_value"": 0.26898295472447087, ""pd_array_age_bars"": 10, ""pd_array_type"": ""IFVG"", ""pre_model_allowed_directions"": ""long"", ""pre_model_filter_pass"": true, ""pre_model_reasons"": """", ""rejection_body_level"": 117329.8, ""rejection_wick_extreme"": 117121.6, ""risk"": 231.66595999999845, ""risk_bps"": 19.744852543854883, ""session_filter"": ""off"", ""source_swing_significance"": ""short"", ""source_swing_time"": 1755388800000, ""stop_loss"": 117098.13404, ""stop_mode"": ""wick_extreme"", ""target_mode"": ""nearest_liquidity""}",0.7320885640686806,21.703663326282523,True,False,False,False,False
rejection_block,ict,long,BTCUSDT,4h,1755590400000,1755590400000,1755604800000,1755590400000,body_level,wick_extreme,nearest_liquidity,114900.0,114900.0,114900.0,114582.02,114582.02,115674.2,317.9799999999959,27.674499564838634,conservative,False,True,False,,,strict,bullish,discount,IFVG,swing_high,aligned,0.8,IFVG,11,0.1480828003402753,False,,,,87,high,40,12,15,10,0,0,0,10,target_rr_below_3,True,long,,True,True,,,,,,,,,,,,,,,,,,,,,,,,,,,114900.0,114605.0,,,,,2.4347443235423833,1,1,,,"{""current_wick_extreme"": 114750.0, ""dealing_range_source"": ""long_swing_pair"", ""entry_mode"": ""body_level"", ""entry_price"": 114900.0, ""has_smt_confirmation"": false, ""htf_allows_long"": true, ""htf_allows_short"": false, ""htf_approaching_poi"": true, ""htf_bias"": ""bullish"", ""htf_confidence"": 1.0, ""htf_context_alignment"": ""aligned"", ""htf_draw_direction"": ""up"", ""htf_inside_poi"": true, ""htf_location"": ""discount"", ""htf_mode"": ""strict"", ""htf_objective"": ""up"", ""htf_objective_level"": 115686.0, ""htf_objective_quality"": ""strong"", ""htf_objective_reached"": false, ""htf_objective_type"": ""swing_high"", ""htf_objective_unreached"": true, ""htf_poi_direction"": ""bullish"", ""htf_reason"": ""HTF bullish discount bullish IFVG; swing_high up"", ""htf_score_modifier"": 0.8, ""htf_structure_bias"": ""bullish"", ""htf_zone_high"": 115373.9, ""htf_zone_low"": 114000.0, ""htf_zone_type"": ""IFVG"", ""model_family"": ""ict"", ""objective_is_equal_high_low"": false, ""objective_liquidity_quality"": ""strong"", ""objective_type"": ""swing_high"", ""objective_unreached"": true, ""p_d_value"": 0.1480828003402753, ""pd_array_age_bars"": 11, ""pd_array_type"": ""IFVG"", ""pre_model_allowed_directions"": ""long"", ""pre_model_filter_pass"": true, ""pre_model_reasons"": """", ""rejection_body_level"": 114900.0, ""rejection_wick_extreme"": 114605.0, ""risk"": 317.9799999999959, ""risk_bps"": 27.674499564838634, ""session_filter"": ""off"", ""source_swing_significance"": ""short"", ""source_swing_time"": 1755504000000, ""stop_loss"": 114582.02, ""stop_mode"": ""wick_extreme"", ""target_mode"": ""nearest_liquidity""}",7.85395307881007,10.29655953204619,True,False,False,False,False
ifvg_retest,ict,long,BTCUSDT,4h,1755864000000,1755864000000,1755993600000,1755950400000,edge,ce,nearest_liquidity,114750.0,114750.0,114750.0,114274.05,114274.05,114777.0,475.9499999999971,41.47712418300628,conservative,False,True,False,,,strict,bullish,discount,IFVG,swing_high,aligned,0.8,IFVG,1,0.24862944642238244,True,bullish,BTCUSDT:ETHUSDT,1.0,100,high,40,12,15,10,20,20,0,0,target_rr_below_2,True,long,,True,False,,,,,strong,,,,strong,,,,,,,113844.0,114750.0,114297.0,17,8,,,,,,,,,,,6,1755950400000,0.056728647967223794,6,,1,,"{""breach_close"": 116319.3, ""breach_displacement_factor"": 0.8445257932990613, ""breach_displacement_grade"": ""strong"", ""breach_time"": 1755864000000, ""dealing_range_source"": ""long_swing_pair"", ""displacement_grade"": ""strong"", ""entry_mode"": ""edge"", ""entry_price"": 114750.0, ""entry_time"": 1755950400000, ""has_smt_confirmation"": true, ""htf_allows_long"": true, ""htf_allows_short"": false, ""htf_approaching_poi"": false, ""htf_bias"": ""bullish"", ""htf_confidence"": 1.0, ""htf_context_alignment"": ""aligned"", ""htf_draw_direction"": ""up"", ""htf_inside_poi"": true, ""htf_location"": ""discount"", ""htf_mode"": ""strict"", ""htf_objective"": ""up"", ""htf_objective_level"": 115686.0, ""htf_objective_quality"": ""strong"", ""htf_objective_reached"": false, ""htf_objective_type"": ""swing_high"", ""htf_objective_unreached"": true, ""htf_poi_direction"": ""bullish"", ""htf_reason"": ""HTF bullish discount bullish IFVG; swing_high up"", ""htf_score_modifier"": 0.8, ""htf_structure_bias"": ""bullish"", ""htf_zone_high"": 114605.0, ""htf_zone_low"": 114569.0, ""htf_zone_type"": ""IFVG"", ""ifvg_ce"": 114297.0, ""ifvg_ce_breached_by_retest_close"": false, ""ifvg_ce_invalidation"": 114297.0, ""ifvg_high"": 114750.0, ""ifvg_low"": 113844.0, ""model_family"": ""ict"", ""objective_is_equal_high_low"": false, ""objective_liquidity_quality"": ""strong"", ""objective_type"": ""swing_high"", ""objective_unreached"": true, ""p_d_value"": 0.24862944642238244, ""pd_array_age_bars"": 1, ""pd_array_type"": ""IFVG"", ""pre_model_allowed_directions"": ""long"", ""pre_model_filter_pass"": true, ""pre_model_reasons"": """", ""retest_depth"": 0.26490066225165565, ""retest_time"": 1755950400000, ""risk"": 475.9499999999971, ""risk_bps"": 41.47712418300628, ""smt_direction"": ""bullish"", ""smt_pair"": ""BTCUSDT:ETHUSDT"", ""smt_primary_symbol"": ""BTCUSDT"", ""smt_secondary_symbol"": ""ETHUSDT"", ""smt_strength"": 1.0, ""smt_timestamp"": 1755950400000, ""source_fvg_age_bars"": 17, ""source_fvg_direction"": ""bearish"", ""source_fvg_time"": 1755619200000, ""source_fvg_touches_before_inversion"": 8, ""stop_loss"": 114274.05, ""stop_mode"": ""ce"", ""target_mode"": ""nearest_liquidity"", ""time_to_retest_bars"": 6}",1.8699443218825622,11.619287740308922,False,True,True,True,False
ifvg_retest,ict,long,BTCUSDT,4h,1759248000000,1759248000000,1759276800000,1759262400000,edge,ce,nearest_liquidity,113985.1,113985.1,113985.1,113819.75298,113819.75298,114800.0,165.34702000000107,14.506020523735211,conservative,False,True,False,,,strict,bullish,discount,Breaker,swing_high,aligned,0.8,Breaker,1,0.0,False,,,,100,high,40,12,15,10,20,0,0,20,,True,long,,True,True,,,,,strong,,,,strong,,,,,,,113700.0,113985.1,113842.55,2,0,,,,,,,,,,,1,1759262400000,4.928422659204798,1,1,,,"{""breach_close"": 114309.1, ""breach_displacement_factor"": 0.8363807015577776, ""breach_displacement_grade"": ""strong"", ""breach_time"": 1759248000000, ""dealing_range_source"": ""significant_swing_pair"", ""displacement_grade"": ""strong"", ""entry_mode"": ""edge"", ""entry_price"": 113985.1, ""entry_time"": 1759262400000, ""has_smt_confirmation"": false, ""htf_allows_long"": true, ""htf_allows_short"": false, ""htf_approaching_poi"": true, ""htf_bias"": ""bullish"", ""htf_confidence"": 1.0, ""htf_context_alignment"": ""aligned"", ""htf_draw_direction"": ""up"", ""htf_inside_poi"": true, ""htf_location"": ""discount"", ""htf_mode"": ""strict"", ""htf_objective"": ""up"", ""htf_objective_level"": 115686.0, ""htf_objective_quality"": ""strong"", ""htf_objective_reached"": false, ""htf_objective_type"": ""swing_high"", ""htf_objective_unreached"": true, ""htf_poi_direction"": ""bullish"", ""htf_reason"": ""HTF bullish discount bullish Breaker; swing_high up"", ""htf_score_modifier"": 0.8, ""htf_structure_bias"": ""bullish"", ""htf_zone_high"": 113254.0, ""htf_zone_low"": 111947.0, ""htf_zone_type"": ""Breaker"", ""ifvg_ce"": 113842.55, ""ifvg_ce_breached_by_retest_close"": false, ""ifvg_ce_invalidation"": 113842.55, ""ifvg_high"": 113985.1, ""ifvg_low"": 113700.0, ""model_family"": ""ict"", ""objective_is_equal_high_low"": false, ""objective_liquidity_quality"": ""strong"", ""objective_type"": ""swing_high"", ""objective_unreached"": true, ""p_d_value"": 0.0, ""pd_array_age_bars"": 1, ""pd_array_type"": ""Breaker"", ""pre_model_allowed_directions"": ""long"", ""pre_model_filter_pass"": true, ""pre_model_reasons"": """", ""retest_depth"": 0.9649245878639081, ""retest_time"": 1759262400000, ""risk"": 165.34702000000107, ""risk_bps"": 14.506020523735211, ""source_fvg_age_bars"": 2, ""source_fvg_direction"": ""bearish"", ""source_fvg_time"": 1759219200000, ""source_fvg_touches_before_inversion"": 0, ""stop_loss"": 113819.75298, ""stop_mode"": ""ce"", ""target_mode"": ""nearest_liquidity"", ""time_to_retest_bars"": 1}",59.96418925481651,1.6637735593904508,True,False,False,False,False
ifvg_retest,ict,long,BTCUSDT,4h,1759939200000,1759939200000,1760126400000,1759953600000,edge,ce,nearest_liquidity,123261.6,123261.6,123261.6,122630.99768,122630.99768,123740.1,630.6023200000054,51.159673410048654,conservative,False,True,False,,,strict,bullish,discount,FVG,equal_highs,aligned,0.65,FVG,9,0.23516508431344732,False,,,,100,high,40,20,15,10,15,0,0,0,target_rr_below_2,True,long,,False,True,,,,,valid,,,,valid,,,,,,,122049.7,123261.6,122655.65,6,4,,,,,,,,,,,1,1759953600000,0.758798350123412,1,2,,,"{""breach_close"": 123381.8, ""breach_displacement_factor"": 0.6646134115967135, ""breach_displacement_grade"": ""valid"", ""breach_time"": 1759939200000, ""dealing_range_source"": ""significant_swing_pair"", ""displacement_grade"": ""valid"", ""entry_mode"": ""edge"", ""entry_price"": 123261.6, ""entry_time"": 1759953600000, ""has_smt_confirmation"": false, ""htf_allows_long"": true, ""htf_allows_short"": false, ""htf_approaching_poi"": true, ""htf_bias"": ""bullish"", ""htf_confidence"": 0.8, ""htf_context_alignment"": ""aligned"", ""htf_draw_direction"": ""up"", ""htf_inside_poi"": false, ""htf_location"": ""discount"", ""htf_mode"": ""strict"", ""htf_objective"": ""up"", ""htf_objective_level"": 113386.65, ""htf_objective_quality"": ""strong"", ""htf_objective_reached"": false, ""htf_objective_type"": ""equal_highs"", ""htf_objective_unreached"": true, ""htf_poi_direction"": ""bullish"", ""htf_reason"": ""HTF bullish discount bullish FVG; equal_highs up"", ""htf_score_modifier"": 0.65, ""htf_structure_bias"": ""bullish"", ""htf_zone_high"": 112615.3, ""htf_zone_low"": 112300.0, ""htf_zone_type"": ""FVG"", ""ifvg_ce"": 122655.65, ""ifvg_ce_breached_by_retest_close"": false, ""ifvg_ce_invalidation"": 122655.65, ""ifvg_high"": 123261.6, ""ifvg_low"": 122049.7, ""model_family"": ""ict"", ""objective_is_equal_high_low"": true, ""objective_liquidity_quality"": ""strong"", ""objective_type"": ""equal_highs"", ""objective_unreached"": true, ""p_d_value"": 0.23516508431344732, ""pd_array_age_bars"": 9, ""pd_array_type"": ""FVG"", ""pre_model_allowed_directions"": ""long"", ""pre_model_filter_pass"": true, ""pre_model_reasons"": """", ""retest_depth"": 0.43064609291196054, ""retest_time"": 1759953600000, ""risk"": 630.6023200000054, ""risk_bps"": 51.159673410048654, ""source_fvg_age_bars"": 6, ""source_fvg_direction"": ""bearish"", ""source_fvg_time"": 1759852800000, ""source_fvg_touches_before_inversion"": 4, ""stop_loss"": 122630.99768, ""stop_mode"": ""ce"", ""target_mode"": ""nearest_liquidity"", ""time_to_retest_bars"": 1}",0.758798350123412,34.483063747687794,True,False,False,False,False
reclaimed_ob,ict,short,ETHUSDT,4h,1747584000000,1747584000000,1749542400000,1747612800000,body_edge,mean_threshold,nearest_liquidity,2500.49,2500.49,2500.49,2539.7750979999996,2539.7750979999996,2483.28,39.285097999999834,157.10959851868967,conservative,False,True,False,,,strict,bearish,premium,PD,swing_low,aligned,0.8,PD,0,1.0,False,,,,77,high,40,12,15,10,0,0,0,0,target_rr_below_2,True,short,,True,False,,,,,,,,,,,,,,,,,,,,,2500.49,2578.06,,,,,,,,,,1747612800000,0.4380795995468728,2,,1,1,"{""dealing_range_source"": ""long_swing_pair"", ""entry_mode"": ""body_edge"", ""entry_price"": 2500.49, ""entry_time"": 1747612800000, ""has_smt_confirmation"": false, ""htf_allows_long"": false, ""htf_allows_short"": true, ""htf_approaching_poi"": false, ""htf_bias"": ""bearish"", ""htf_confidence"": 1.0, ""htf_context_alignment"": ""aligned"", ""htf_draw_direction"": ""down"", ""htf_inside_poi"": true, ""htf_location"": ""premium"", ""htf_mode"": ""strict"", ""htf_objective"": ""down"", ""htf_objective_level"": 2312.62, ""htf_objective_quality"": ""strong"", ""htf_objective_reached"": false, ""htf_objective_type"": ""swing_low"", ""htf_objective_unreached"": true, ""htf_poi_direction"": ""bearish"", ""htf_reason"": ""HTF bearish premium bearish PD; swing_low down"", ""htf_score_modifier"": 0.8, ""htf_structure_bias"": ""bearish"", ""htf_zone_high"": 2529.63, ""htf_zone_low"": 2529.63, ""htf_zone_type"": ""PD"", ""model_family"": ""ict"", ""ob_high"": 2578.06, ""ob_low"": 2500.49, ""ob_mean_threshold"": 2539.2749999999996, ""objective_is_equal_high_low"": false, ""objective_liquidity_quality"": ""strong"", ""objective_type"": ""swing_low"", ""objective_unreached"": true, ""p_d_value"": 1.0, ""pd_array_age_bars"": 0, ""pd_array_type"": ""PD"", ""pre_model_allowed_directions"": ""short"", ""pre_model_filter_pass"": true, ""pre_model_reasons"": """", ""prior_reaction_r"": 0.5, ""retest_count"": 1, ""retest_time"": 1747612800000, ""risk"": 39.285097999999834, ""risk_bps"": 157.10959851868967, ""source_ob_time"": 1747569600000, ""stop_loss"": 2539.7750979999996, ""stop_mode"": ""mean_threshold"", ""target_mode"": ""nearest_liquidity""}",3.907334022687194,3.735767694915788,False,True,True,True,True
rejection_block,ict,short,ETHUSDT,4h,1750881600000,1750881600000,1750896000000,1750881600000,body_level,wick_extreme,nearest_liquidity,2437.0,2437.0,2437.0,2481.7674,2481.7674,2433.8,44.76740000000018,183.69881001231096,conservative,False,True,False,,,strict,bearish,premium,PD,equal_lows,aligned,0.8,PD,11,0.8238263834251243,True,bearish,BTCUSDT:ETHUSDT,1.0,100,high,40,20,15,10,0,20,0,0,target_rr_below_2,True,short,,True,True,,,,,,,,,,,,,,,,,,,,,,,,,,,2437.0,2481.28,,,,,0.07148058631950494,1,1,,,"{""current_wick_extreme"": 2455.27, ""dealing_range_source"": ""significant_swing_pair"", ""entry_mode"": ""body_level"", ""entry_price"": 2437.0, ""has_smt_confirmation"": true, ""htf_allows_long"": false, ""htf_allows_short"": true, ""htf_approaching_poi"": true, ""htf_bias"": ""bearish"", ""htf_confidence"": 1.0, ""htf_context_alignment"": ""aligned"", ""htf_draw_direction"": ""down"", ""htf_inside_poi"": true, ""htf_location"": ""premium"", ""htf_mode"": ""strict"", ""htf_objective"": ""down"", ""htf_objective_level"": 2461.3, ""htf_objective_quality"": ""strong"", ""htf_objective_reached"": false, ""htf_objective_type"": ""equal_lows"", ""htf_objective_unreached"": true, ""htf_poi_direction"": ""bearish"", ""htf_reason"": ""HTF bearish premium bearish PD; equal_lows down"", ""htf_score_modifier"": 0.8, ""htf_structure_bias"": ""bearish"", ""htf_zone_high"": 2570.38316, ""htf_zone_low"": 2486.4873199999997, ""htf_zone_type"": ""PD"", ""model_family"": ""ict"", ""objective_is_equal_high_low"": true, ""objective_liquidity_quality"": ""strong"", ""objective_type"": ""equal_lows"", ""objective_unreached"": true, ""p_d_value"": 0.8238263834251243, ""pd_array_age_bars"": 11, ""pd_array_type"": ""PD"", ""pre_model_allowed_directions"": ""short"", ""pre_model_filter_pass"": true, ""pre_model_reasons"": """", ""rejection_body_level"": 2437.0, ""rejection_wick_extreme"": 2481.28, ""risk"": 44.76740000000018, ""risk_bps"": 183.69881001231096, ""session_filter"": ""off"", ""smt_direction"": ""bearish"", ""smt_pair"": ""BTCUSDT:ETHUSDT"", ""smt_primary_symbol"": ""BTCUSDT"", ""smt_secondary_symbol"": ""ETHUSDT"", ""smt_strength"": 1.0, ""smt_timestamp"": 1750852800000, ""source_swing_significance"": ""intermediate"", ""source_swing_time"": 1750780800000, ""stop_loss"": 2481.7674, ""stop_mode"": ""wick_extreme"", ""target_mode"": ""nearest_liquidity""}",1.3402609934907936,1.8540277076622647,True,False,False,False,False
rejection_block,ict,short,ETHUSDT,4h,1751313600000,1751313600000,1751328000000,1751313600000,body_level,wick_extreme,nearest_liquidity,2499.25,2499.25,2499.25,2524.90985,2524.90985,2483.58,25.659850000000006,102.67020106031812,conservative,False,True,False,,,strict,bearish,premium,PD,equal_lows,aligned,0.8,PD,16,0.8159804178686952,True,bearish,BTCUSDT:ETHUSDT,0.374292,100,high,40,20,15,10,0,20,0,0,target_rr_below_2,True,short,,True,True,,,,,,,,,,,,,,,,,,,,,,,,,,,2499.25,2524.41,,,,,0.6106816680534013,1,,,,"{""current_wick_extreme"": 2521.59, ""dealing_range_source"": ""long_swing_pair"", ""entry_mode"": ""body_level"", ""entry_price"": 2499.25, ""has_smt_confirmation"": true, ""htf_allows_long"": false, ""htf_allows_short"": true, ""htf_approaching_poi"": true, ""htf_bias"": ""bearish"", ""htf_confidence"": 1.0, ""htf_context_alignment"": ""aligned"", ""htf_draw_direction"": ""down"", ""htf_inside_poi"": true, ""htf_location"": ""premium"", ""htf_mode"": ""strict"", ""htf_objective"": ""down"", ""htf_objective_level"": 2461.3, ""htf_objective_quality"": ""strong"", ""htf_objective_reached"": false, ""htf_objective_type"": ""equal_lows"", ""htf_objective_unreached"": true, ""htf_poi_direction"": ""bearish"", ""htf_reason"": ""HTF bearish premium bearish PD; equal_lows down"", ""htf_score_modifier"": 0.8, ""htf_structure_bias"": ""bearish"", ""htf_zone_high"": 2570.38316, ""htf_zone_low"": 2486.4873199999997, ""htf_zone_type"": ""PD"", ""model_family"": ""ict"", ""objective_is_equal_high_low"": true, ""objective_liquidity_quality"": ""strong"", ""objective_type"": ""equal_lows"", ""objective_unreached"": true, ""p_d_value"": 0.8159804178686952, ""pd_array_age_bars"": 16, ""pd_array_type"": ""PD"", ""pre_model_allowed_directions"": ""short"", ""pre_model_filter_pass"": true, ""pre_model_reasons"": """", ""rejection_body_level"": 2499.25, ""rejection_wick_extreme"": 2524.41, ""risk"": 25.659850000000006, ""risk_bps"": 102.67020106031812, ""session_filter"": ""off"", ""smt_direction"": ""bearish"", ""smt_pair"": ""BTCUSDT:ETHUSDT"", ""smt_primary_symbol"": ""BTCUSDT"", ""smt_secondary_symbol"": ""ETHUSDT"", ""smt_strength"": 0.374292, ""smt_timestamp"": 1751241600000, ""source_swing_significance"": ""long"", ""source_swing_time"": 1751227200000, ""stop_loss"": 2524.90985, ""stop_mode"": ""wick_extreme"", ""target_mode"": ""nearest_liquidity""}",5.133311379450768,5.290366077744023,False,True,True,False,False
rejection_block,ict,short,ETHUSDT,4h,1751328000000,1751328000000,1751342400000,1751328000000,body_level,wick_extreme,nearest_liquidity,2499.25,2499.25,2499.25,2524.90985,2524.90985,2483.58,25.659850000000006,102.67020106031812,conservative,False,True,False,,,strict,bearish,premium,PD,equal_lows,aligned,0.8,PD,16,0.7715272314013463,True,bearish,BTCUSDT:ETHUSDT,0.374292,100,high,40,20,15,10,0,20,0,0,target_rr_below_2,True,short,,True,True,,,,,,,,,,,,,,,,,,,,,,,,,,,2499.25,2524.41,,,,,0.6106816680534013,1,,1,1,"{""current_wick_extreme"": 2499.6, ""dealing_range_source"": ""long_swing_pair"", ""entry_mode"": ""body_level"", ""entry_price"": 2499.25, ""has_smt_confirmation"": true, ""htf_allows_long"": false, ""htf_allows_short"": true, ""htf_approaching_poi"": true, ""htf_bias"": ""bearish"", ""htf_confidence"": 1.0, ""htf_context_alignment"": ""aligned"", ""htf_draw_direction"": ""down"", ""htf_inside_poi"": true, ""htf_location"": ""premium"", ""htf_mode"": ""strict"", ""htf_objective"": ""down"", ""htf_objective_level"": 2461.3, ""htf_objective_quality"": ""strong"", ""htf_objective_reached"": false, ""htf_objective_type"": ""equal_lows"", ""htf_objective_unreached"": true, ""htf_poi_direction"": ""bearish"", ""htf_reason"": ""HTF bearish premium bearish PD; equal_lows down"", ""htf_score_modifier"": 0.8, ""htf_structure_bias"": ""bearish"", ""htf_zone_high"": 2570.38316, ""htf_zone_low"": 2486.4873199999997, ""htf_zone_type"": ""PD"", ""model_family"": ""ict"", ""objective_is_equal_high_low"": true, ""objective_liquidity_quality"": ""strong"", ""objective_type"": ""equal_lows"", ""objective_unreached"": true, ""p_d_value"": 0.7715272314013463, ""pd_array_age_bars"": 16, ""pd_array_type"": ""PD"", ""pre_model_allowed_directions"": ""short"", ""pre_model_filter_pass"": true, ""pre_model_reasons"": """", ""rejection_body_level"": 2499.25, ""rejection_wick_extreme"": 2524.41, ""risk"": 25.659850000000006, ""risk_bps"": 102.67020106031812, ""session_filter"": ""off"", ""smt_direction"": ""bearish"", ""smt_pair"": ""BTCUSDT:ETHUSDT"", ""smt_primary_symbol"": ""BTCUSDT"", ""smt_secondary_symbol"": ""ETHUSDT"", ""smt_strength"": 0.374292, ""smt_timestamp"": 1751241600000, ""source_swing_significance"": ""long"", ""source_swing_time"": 1751227200000, ""stop_loss"": 2524.90985, ""stop_mode"": ""wick_extreme"", ""target_mode"": ""nearest_liquidity""}",5.133311379450768,5.290366077744023,False,True,True,True,True
ifvg_retest,ict,short,ETHUSDT,4h,1751371200000,1751371200000,1751457600000,1751428800000,edge,ce,nearest_liquidity,2441.71,2441.71,2441.71,2468.433342,2468.433342,2431.87,26.723341999999775,109.4451920989789,conservative,False,True,False,,,strict,bearish,premium,PD,equal_lows,aligned,0.8,PD,17,0.8452224844829089,False,,,,100,high,40,20,15,10,15,0,0,0,target_rr_below_2,True,short,,True,True,,,,,valid,,,,valid,,,,,,,2441.71,2494.18,2467.9449999999997,9,8,,,,,,,,,,,4,1751428800000,0.3682174183154273,4,,,,"{""breach_close"": 2422.49, ""breach_displacement_factor"": 0.6177694922581237, ""breach_displacement_grade"": ""valid"", ""breach_time"": 1751371200000, ""dealing_range_source"": ""long_swing_pair"", ""displacement_grade"": ""valid"", ""entry_mode"": ""edge"", ""entry_price"": 2441.71, ""entry_time"": 1751428800000, ""has_smt_confirmation"": false, ""htf_allows_long"": false, ""htf_allows_short"": true, ""htf_approaching_poi"": true, ""htf_bias"": ""bearish"", ""htf_confidence"": 1.0, ""htf_context_alignment"": ""aligned"", ""htf_draw_direction"": ""down"", ""htf_inside_poi"": true, ""htf_location"": ""premium"", ""htf_mode"": ""strict"", ""htf_objective"": ""down"", ""htf_objective_level"": 2461.3, ""htf_objective_quality"": ""strong"", ""htf_objective_reached"": false, ""htf_objective_type"": ""equal_lows"", ""htf_objective_unreached"": true, ""htf_poi_direction"": ""bearish"", ""htf_reason"": ""HTF bearish premium bearish PD; equal_lows down"", ""htf_score_modifier"": 0.8, ""htf_structure_bias"": ""bearish"", ""htf_zone_high"": 2570.38316, ""htf_zone_low"": 2486.4873199999997, ""htf_zone_type"": ""PD"", ""ifvg_ce"": 2467.9449999999997, ""ifvg_ce_breached_by_retest_close"": false, ""ifvg_ce_invalidation"": 2467.9449999999997, ""ifvg_high"": 2494.18, ""ifvg_low"": 2441.71, ""model_family"": ""ict"", ""objective_is_equal_high_low"": true, ""objective_liquidity_quality"": ""strong"", ""objective_type"": ""equal_lows"", ""objective_unreached"": true, ""p_d_value"": 0.8452224844829089, ""pd_array_age_bars"": 17, ""pd_array_type"": ""PD"", ""pre_model_allowed_directions"": ""short"", ""pre_model_filter_pass"": true, ""pre_model_reasons"": """", ""retest_depth"": 0.22527158376215378, ""retest_time"": 1751428800000, ""risk"": 26.723341999999775, ""risk_bps"": 109.4451920989789, ""source_fvg_age_bars"": 9, ""source_fvg_direction"": ""bullish"", ""source_fvg_time"": 1751241600000, ""source_fvg_touches_before_inversion"": 8, ""stop_loss"": 2468.433342, ""stop_mode"": ""ce"", ""target_mode"": ""nearest_liquidity"", ""time_to_retest_bars"": 4}",0.6578518510147449,7.233002518921532,False,True,True,False,False
rejection_block,ict,short,ETHUSDT,4h,1751529600000,1751529600000,1751544000000,1751529600000,body_level,wick_extreme,nearest_liquidity,2603.64,2603.64,2603.64,2618.720728,2618.720728,2431.87,15.080727999999908,57.92170960655048,conservative,False,True,False,,,strict,bearish,premium,PD,equal_lows,aligned,0.8,PD,18,1.0,False,,,,100,high,40,20,15,10,0,0,0,20,,True,short,,True,True,,,,,,,,,,,,,,,,,,,,,,,,,,,2603.64,2618.2,,,,,11.390033690681314,1,1,,,"{""current_wick_extreme"": 2616.0, ""dealing_range_source"": ""long_swing_pair"", ""entry_mode"": ""body_level"", ""entry_price"": 2603.64, ""has_smt_confirmation"": false, ""htf_allows_long"": false, ""htf_allows_short"": true, ""htf_approaching_poi"": true, ""htf_bias"": ""bearish"", ""htf_confidence"": 1.0, ""htf_context_alignment"": ""aligned"", ""htf_draw_direction"": ""down"", ""htf_inside_poi"": true, ""htf_location"": ""premium"", ""htf_mode"": ""strict"", ""htf_objective"": ""down"", ""htf_objective_level"": 2461.3, ""htf_objective_quality"": ""strong"", ""htf_objective_reached"": false, ""htf_objective_type"": ""equal_lows"", ""htf_objective_unreached"": true, ""htf_poi_direction"": ""bearish"", ""htf_reason"": ""HTF bearish premium bearish PD; equal_lows down"", ""htf_score_modifier"": 0.8, ""htf_structure_bias"": ""bearish"", ""htf_zone_high"": 2570.38316, ""htf_zone_low"": 2486.4873199999997, ""htf_zone_type"": ""PD"", ""model_family"": ""ict"", ""objective_is_equal_high_low"": true, ""objective_liquidity_quality"": ""strong"", ""objective_type"": ""equal_lows"", ""objective_unreached"": true, ""p_d_value"": 1.0, ""pd_array_age_bars"": 18, ""pd_array_type"": ""PD"", ""pre_model_allowed_directions"": ""short"", ""pre_model_filter_pass"": true, ""pre_model_reasons"": """", ""rejection_body_level"": 2603.64, ""rejection_wick_extreme"": 2618.2, ""risk"": 15.080727999999908, ""risk_bps"": 57.92170960655048, ""session_filter"": ""off"", ""source_swing_significance"": ""short"", ""source_swing_time"": 1751486400000, ""stop_loss"": 2618.720728, ""stop_mode"": ""wick_extreme"", ""target_mode"": ""nearest_liquidity""}",8.658070087863166,2.0794752083586627,True,False,False,False,False
rejection_block,ict,short,ETHUSDT,4h,1759536000000,1759536000000,1759550400000,1759536000000,body_level,wick_extreme,nearest_liquidity,4498.96,4498.96,4498.96,4559.899792,4559.899792,4440.07,60.939792000000125,135.45306470828842,conservative,False,True,False,,,strict,bearish,premium,FVG,equal_lows,aligned,0.8,FVG,13,0.8216305142578592,True,bearish,ETHUSDT:SOLUSDT,1.0,100,high,40,20,15,10,0,20,0,0,target_rr_below_2,True,short,,True,True,,,,,,,,,,,,,,,,,,,,,,,,,,,4498.96,4559.0,,,,,0.9663636528329503,1,,,,"{""current_wick_extreme"": 4515.48, ""dealing_range_source"": ""long_swing_pair"", ""entry_mode"": ""body_level"", ""entry_price"": 4498.96, ""has_smt_confirmation"": true, ""htf_allows_long"": false, ""htf_allows_short"": true, ""htf_approaching_poi"": true, ""htf_bias"": ""bearish"", ""htf_confidence"": 1.0, ""htf_context_alignment"": ""aligned"", ""htf_draw_direction"": ""down"", ""htf_inside_poi"": true, ""htf_location"": ""premium"", ""htf_mode"": ""strict"", ""htf_objective"": ""down"", ""htf_objective_level"": 2461.3, ""htf_objective_quality"": ""strong"", ""htf_objective_reached"": false, ""htf_objective_type"": ""equal_lows"", ""htf_objective_unreached"": true, ""htf_poi_direction"": ""bearish"", ""htf_reason"": ""HTF bearish premium bearish FVG; equal_lows down"", ""htf_score_modifier"": 0.8, ""htf_structure_bias"": ""bearish"", ""htf_zone_high"": 4551.75, ""htf_zone_low"": 4506.75, ""htf_zone_type"": ""FVG"", ""model_family"": ""ict"", ""objective_is_equal_high_low"": true, ""objective_liquidity_quality"": ""strong"", ""objective_type"": ""equal_lows"", ""objective_unreached"": true, ""p_d_value"": 0.8216305142578592, ""pd_array_age_bars"": 13, ""pd_array_type"": ""FVG"", ""pre_model_allowed_directions"": ""short"", ""pre_model_filter_pass"": true, ""pre_model_reasons"": """", ""rejection_body_level"": 4498.96, ""rejection_wick_extreme"": 4559.0, ""risk"": 60.939792000000125, ""risk_bps"": 135.45306470828842, ""session_filter"": ""off"", ""smt_direction"": ""bearish"", ""smt_pair"": ""ETHUSDT:SOLUSDT"", ""smt_primary_symbol"": ""ETHUSDT"", ""smt_secondary_symbol"": ""SOLUSDT"", ""smt_strength"": 1.0, ""smt_timestamp"": 1759507200000, ""source_swing_significance"": ""intermediate"", ""source_swing_time"": 1759449600000, ""stop_loss"": 4559.899792, ""stop_mode"": ""wick_extreme"", ""target_mode"": ""nearest_liquidity""}",1.0003316059890706,3.873167141758529,False,True,True,False,False
ifvg_retest,ict,short,ETHUSDT,4h,1760529600000,1760529600000,1760659200000,1760572800000,edge,ce,nearest_liquidity,4013.42,4013.42,4013.42,4028.927684,4028.927684,3925.0,15.507684000000154,38.639574228463886,conservative,False,True,False,,,strict,bearish,premium,FVG,equal_lows,aligned,0.8,FVG,5,0.5950975891067491,True,bearish,BTCUSDT:ETHUSDT,1.0,100,high,40,20,15,10,15,20,0,20,,True,short,,True,True,,,,,valid,,,,valid,,,,,,,4013.42,4042.83,4028.125,5,0,,,,,,,,,,,3,1760572800000,5.701689562413008,3,1,,,"{""breach_close"": 3979.23, ""breach_displacement_factor"": 0.7123277074629565, ""breach_displacement_grade"": ""valid"", ""breach_time"": 1760529600000, ""dealing_range_source"": ""long_swing_pair"", ""displacement_grade"": ""valid"", ""entry_mode"": ""edge"", ""entry_price"": 4013.42, ""entry_time"": 1760572800000, ""has_smt_confirmation"": true, ""htf_allows_long"": false, ""htf_allows_short"": true, ""htf_approaching_poi"": true, ""htf_bias"": ""bearish"", ""htf_confidence"": 1.0, ""htf_context_alignment"": ""aligned"", ""htf_draw_direction"": ""down"", ""htf_inside_poi"": true, ""htf_location"": ""premium"", ""htf_mode"": ""strict"", ""htf_objective"": ""down"", ""htf_objective_level"": 2461.3, ""htf_objective_quality"": ""strong"", ""htf_objective_reached"": false, ""htf_objective_type"": ""equal_lows"", ""htf_objective_unreached"": true, ""htf_poi_direction"": ""bearish"", ""htf_reason"": ""HTF bearish premium bearish FVG; equal_lows down"", ""htf_score_modifier"": 0.8, ""htf_structure_bias"": ""bearish"", ""htf_zone_high"": 4262.55, ""htf_zone_low"": 3874.28, ""htf_zone_type"": ""FVG"", ""ifvg_ce"": 4028.125, ""ifvg_ce_breached_by_retest_close"": false, ""ifvg_ce_invalidation"": 4028.125, ""ifvg_high"": 4042.83, ""ifvg_low"": 4013.42, ""model_family"": ""ict"", ""objective_is_equal_high_low"": true, ""objective_liquidity_quality"": ""strong"", ""objective_type"": ""equal_lows"", ""objective_unreached"": true, ""p_d_value"": 0.5950975891067491, ""pd_array_age_bars"": 5, ""pd_array_type"": ""FVG"", ""pre_model_allowed_directions"": ""short"", ""pre_model_filter_pass"": true, ""pre_model_reasons"": """", ""retest_depth"": 0.7337640258415516, ""retest_time"": 1760572800000, ""risk"": 15.507684000000154, ""risk_bps"": 38.639574228463886, ""smt_direction"": ""bearish"", ""smt_pair"": ""BTCUSDT:ETHUSDT"", ""smt_primary_symbol"": ""BTCUSDT"", ""smt_secondary_symbol"": ""ETHUSDT"", ""smt_strength"": 1.0, ""smt_timestamp"": 1760616000000, ""source_fvg_age_bars"": 5, ""source_fvg_direction"": ""bullish"", ""source_fvg_time"": 1760457600000, ""source_fvg_touches_before_inversion"": 0, ""stop_loss"": 4028.927684, ""stop_mode"": ""ce"", ""target_mode"": ""nearest_liquidity"", ""time_to_retest_bars"": 3}",22.08066659083308,4.8956375432978465,True,False,False,False,False
ifvg_retest,ict,short,ETHUSDT,4h,1761076800000,1761076800000,1761350400000,1761192000000,edge,ce,nearest_liquidity,3896.0,3896.0,3896.0,3930.3742,3930.3742,3885.09,34.3742000000002,88.22946611909701,conservative,False,True,False,,,strict,bearish,premium,FVG,equal_lows,aligned,0.8,FVG,13,0.5679568368350059,False,,,,100,high,40,20,15,10,20,0,0,0,target_rr_below_2,True,short,,True,True,,,,,strong,,,,strong,,,,,,,3896.0,3963.19,3929.5950000000003,1,0,,,,,,,,,,,8,1761192000000,0.3173892046942122,8,,1,1,"{""breach_close"": 3871.11, ""breach_displacement_factor"": 0.8735740306729509, ""breach_displacement_grade"": ""strong"", ""breach_time"": 1761076800000, ""dealing_range_source"": ""significant_swing_pair"", ""displacement_grade"": ""strong"", ""entry_mode"": ""edge"", ""entry_price"": 3896.0, ""entry_time"": 1761192000000, ""has_smt_confirmation"": false, ""htf_allows_long"": false, ""htf_allows_short"": true, ""htf_approaching_poi"": true, ""htf_bias"": ""bearish"", ""htf_confidence"": 1.0, ""htf_context_alignment"": ""aligned"", ""htf_draw_direction"": ""down"", ""htf_inside_poi"": true, ""htf_location"": ""premium"", ""htf_mode"": ""strict"", ""htf_objective"": ""down"", ""htf_objective_level"": 2461.3, ""htf_objective_quality"": ""strong"", ""htf_objective_reached"": false, ""htf_objective_type"": ""equal_lows"", ""htf_objective_unreached"": true, ""htf_poi_direction"": ""bearish"", ""htf_reason"": ""HTF bearish premium bearish FVG; equal_lows down"", ""htf_score_modifier"": 0.8, ""htf_structure_bias"": ""bearish"", ""htf_zone_high"": 4262.55, ""htf_zone_low"": 3874.28, ""htf_zone_type"": ""FVG"", ""ifvg_ce"": 3929.5950000000003, ""ifvg_ce_breached_by_retest_close"": false, ""ifvg_ce_invalidation"": 3929.5950000000003, ""ifvg_high"": 3963.19, ""ifvg_low"": 3896.0, ""model_family"": ""ict"", ""objective_is_equal_high_low"": true, ""objective_liquidity_quality"": ""strong"", ""objective_type"": ""equal_lows"", ""objective_unreached"": true, ""p_d_value"": 0.5679568368350059, ""pd_array_age_bars"": 13, ""pd_array_type"": ""FVG"", ""pre_model_allowed_directions"": ""short"", ""pre_model_filter_pass"": true, ""pre_model_reasons"": """", ""retest_depth"": 0.0, ""retest_time"": 1761192000000, ""risk"": 34.3742000000002, ""risk_bps"": 88.22946611909701, ""source_fvg_age_bars"": 1, ""source_fvg_direction"": ""bullish"", ""source_fvg_time"": 1761062400000, ""source_fvg_touches_before_inversion"": 0, ""stop_loss"": 3930.3742, ""stop_mode"": ""ce"", ""target_mode"": ""nearest_liquidity"", ""time_to_retest_bars"": 8}",2.58886024983852,3.7958701584327565,False,True,True,True,True
rejection_block,ict,short,ETHUSDT,4h,1761364800000,1761364800000,1761379200000,1761364800000,body_level,wick_extreme,nearest_liquidity,3944.99,3944.99,3944.99,4027.268998,4027.268998,3925.0,82.27899800000023,208.56579611101736,conservative,False,True,False,,,strict,bearish,premium,FVG,equal_lows,aligned,0.8,FVG,13,0.6119201664342377,True,bearish,BTCUSDT:ETHUSDT,1.0,100,high,40,20,15,10,0,20,0,0,target_rr_below_2,True,short,,True,True,,,,,,,,,,,,,,,,,,,,,,,,,,,3944.99,4026.48,,,,,0.24295385804284741,1,,,,"{""current_wick_extreme"": 3963.26, ""dealing_range_source"": ""significant_swing_pair"", ""entry_mode"": ""body_level"", ""entry_price"": 3944.99, ""has_smt_confirmation"": true, ""htf_allows_long"": false, ""htf_allows_short"": true, ""htf_approaching_poi"": true, ""htf_bias"": ""bearish"", ""htf_confidence"": 1.0, ""htf_context_alignment"": ""aligned"", ""htf_draw_direction"": ""down"", ""htf_inside_poi"": true, ""htf_location"": ""premium"", ""htf_mode"": ""strict"", ""htf_objective"": ""down"", ""htf_objective_level"": 2461.3, ""htf_objective_quality"": ""strong"", ""htf_objective_reached"": false, ""htf_objective_type"": ""equal_lows"", ""htf_objective_unreached"": true, ""htf_poi_direction"": ""bearish"", ""htf_reason"": ""HTF bearish premium bearish FVG; equal_lows down"", ""htf_score_modifier"": 0.8, ""htf_structure_bias"": ""bearish"", ""htf_zone_high"": 4262.55, ""htf_zone_low"": 3874.28, ""htf_zone_type"": ""FVG"", ""model_family"": ""ict"", ""objective_is_equal_high_low"": true, ""objective_liquidity_quality"": ""strong"", ""objective_type"": ""equal_lows"", ""objective_unreached"": true, ""p_d_value"": 0.6119201664342377, ""pd_array_age_bars"": 13, ""pd_array_type"": ""FVG"", ""pre_model_allowed_directions"": ""short"", ""pre_model_filter_pass"": true, ""pre_model_reasons"": """", ""rejection_body_level"": 3944.99, ""rejection_wick_extreme"": 4026.48, ""risk"": 82.27899800000023, ""risk_bps"": 208.56579611101736, ""session_filter"": ""off"", ""smt_direction"": ""bearish"", ""smt_pair"": ""BTCUSDT:ETHUSDT"", ""smt_primary_symbol"": ""BTCUSDT"", ""smt_secondary_symbol"": ""ETHUSDT"", ""smt_strength"": 1.0, ""smt_timestamp"": 1761307200000, ""source_swing_significance"": ""long"", ""source_swing_time"": 1761307200000, ""stop_loss"": 4027.268998, ""stop_mode"": ""wick_extreme"", ""target_mode"": ""nearest_liquidity""}",0.3729991947641306,3.7434826321049677,False,True,True,False,False
rejection_block,ict,short,ETHUSDT,4h,1761379200000,1761379200000,1761393600000,1761379200000,body_level,wick_extreme,nearest_liquidity,3944.99,3944.99,3944.99,4027.268998,4027.268998,3925.0,82.27899800000023,208.56579611101736,conservative,False,True,False,,,strict,bearish,premium,FVG,equal_lows,aligned,0.8,FVG,13,0.5955053611028557,True,bearish,BTCUSDT:ETHUSDT,1.0,100,high,40,20,15,10,0,20,0,0,target_rr_below_2,True,short,,True,True,,,,,,,,,,,,,,,,,,,,,,,,,,,3944.99,4026.48,,,,,0.24295385804284741,1,,,,"{""current_wick_extreme"": 3955.0, ""dealing_range_source"": ""significant_swing_pair"", ""entry_mode"": ""body_level"", ""entry_price"": 3944.99, ""has_smt_confirmation"": true, ""htf_allows_long"": false, ""htf_allows_short"": true, ""htf_approaching_poi"": true, ""htf_bias"": ""bearish"", ""htf_confidence"": 1.0, ""htf_context_alignment"": ""aligned"", ""htf_draw_direction"": ""down"", ""htf_inside_poi"": true, ""htf_location"": ""premium"", ""htf_mode"": ""strict"", ""htf_objective"": ""down"", ""htf_objective_level"": 2461.3, ""htf_objective_quality"": ""strong"", ""htf_objective_reached"": false, ""htf_objective_type"": ""equal_lows"", ""htf_objective_unreached"": true, ""htf_poi_direction"": ""bearish"", ""htf_reason"": ""HTF bearish premium bearish FVG; equal_lows down"", ""htf_score_modifier"": 0.8, ""htf_structure_bias"": ""bearish"", ""htf_zone_high"": 4262.55, ""htf_zone_low"": 3874.28, ""htf_zone_type"": ""FVG"", ""model_family"": ""ict"", ""objective_is_equal_high_low"": true, ""objective_liquidity_quality"": ""strong"", ""objective_type"": ""equal_lows"", ""objective_unreached"": true, ""p_d_value"": 0.5955053611028557, ""pd_array_age_bars"": 13, ""pd_array_type"": ""FVG"", ""pre_model_allowed_directions"": ""short"", ""pre_model_filter_pass"": true, ""pre_model_reasons"": """", ""rejection_body_level"": 3944.99, ""rejection_wick_extreme"": 4026.48, ""risk"": 82.27899800000023, ""risk_bps"": 208.56579611101736, ""session_filter"": ""off"", ""smt_direction"": ""bearish"", ""smt_pair"": ""BTCUSDT:ETHUSDT"", ""smt_primary_symbol"": ""BTCUSDT"", ""smt_secondary_symbol"": ""ETHUSDT"", ""smt_strength"": 1.0, ""smt_timestamp"": 1761307200000, ""source_swing_significance"": ""long"", ""source_swing_time"": 1761307200000, ""stop_loss"": 4027.268998, ""stop_mode"": ""wick_extreme"", ""target_mode"": ""nearest_liquidity""}",0.3729991947641306,3.7434826321049677,False,True,True,False,False
rejection_block,ict,short,ETHUSDT,4h,1761393600000,1761393600000,1761408000000,1761393600000,body_level,wick_extreme,nearest_liquidity,3944.99,3944.99,3944.99,4027.268998,4027.268998,3925.0,82.27899800000023,208.56579611101736,conservative,False,True,False,,,strict,bearish,premium,FVG,equal_lows,aligned,0.8,FVG,13,0.6516769163942303,False,,,,85,high,40,20,15,10,0,0,0,0,target_rr_below_2,True,short,,True,True,,,,,,,,,,,,,,,,,,,,,,,,,,,3944.99,4026.48,,,,,0.24295385804284741,1,,,,"{""current_wick_extreme"": 3955.0, ""dealing_range_source"": ""significant_swing_pair"", ""entry_mode"": ""body_level"", ""entry_price"": 3944.99, ""has_smt_confirmation"": false, ""htf_allows_long"": false, ""htf_allows_short"": true, ""htf_approaching_poi"": true, ""htf_bias"": ""bearish"", ""htf_confidence"": 1.0, ""htf_context_alignment"": ""aligned"", ""htf_draw_direction"": ""down"", ""htf_inside_poi"": true, ""htf_location"": ""premium"", ""htf_mode"": ""strict"", ""htf_objective"": ""down"", ""htf_objective_level"": 2461.3, ""htf_objective_quality"": ""strong"", ""htf_objective_reached"": false, ""htf_objective_type"": ""equal_lows"", ""htf_objective_unreached"": true, ""htf_poi_direction"": ""bearish"", ""htf_reason"": ""HTF bearish premium bearish FVG; equal_lows down"", ""htf_score_modifier"": 0.8, ""htf_structure_bias"": ""bearish"", ""htf_zone_high"": 4262.55, ""htf_zone_low"": 3874.28, ""htf_zone_type"": ""FVG"", ""model_family"": ""ict"", ""objective_is_equal_high_low"": true, ""objective_liquidity_quality"": ""strong"", ""objective_type"": ""equal_lows"", ""objective_unreached"": true, ""p_d_value"": 0.6516769163942303, ""pd_array_age_bars"": 13, ""pd_array_type"": ""FVG"", ""pre_model_allowed_directions"": ""short"", ""pre_model_filter_pass"": true, ""pre_model_reasons"": """", ""rejection_body_level"": 3944.99, ""rejection_wick_extreme"": 4026.48, ""risk"": 82.27899800000023, ""risk_bps"": 208.56579611101736, ""session_filter"": ""off"", ""source_swing_significance"": ""long"", ""source_swing_time"": 1761307200000, ""stop_loss"": 4027.268998, ""stop_mode"": ""wick_extreme"", ""target_mode"": ""nearest_liquidity""}",0.3729991947641306,3.7434826321049677,False,True,True,False,False
rejection_block,ict,short,ETHUSDT,4h,1761580800000,1761580800000,1761595200000,1761580800000,body_level,wick_extreme,nearest_liquidity,4203.22,4203.22,4203.22,4253.840644,4253.840644,3925.0,50.62064399999963,120.43301088213232,conservative,False,True,False,,,strict,bearish,premium,FVG,equal_lows,aligned,0.8,FVG,15,1.0,False,,,,100,high,40,20,15,10,0,0,0,20,,True,short,,True,True,,,,,,,,,,,,,,,,,,,,,,,,,,,4203.22,4253.0,,,,,5.496176619167514,1,,1,1,"{""current_wick_extreme"": 4231.64, ""dealing_range_source"": ""significant_swing_pair"", ""entry_mode"": ""body_level"", ""entry_price"": 4203.22, ""has_smt_confirmation"": false, ""htf_allows_long"": false, ""htf_allows_short"": true, ""htf_approaching_poi"": true, ""htf_bias"": ""bearish"", ""htf_confidence"": 1.0, ""htf_context_alignment"": ""aligned"", ""htf_draw_direction"": ""down"", ""htf_inside_poi"": true, ""htf_location"": ""premium"", ""htf_mode"": ""strict"", ""htf_objective"": ""down"", ""htf_objective_level"": 2461.3, ""htf_objective_quality"": ""strong"", ""htf_objective_reached"": false, ""htf_objective_type"": ""equal_lows"", ""htf_objective_unreached"": true, ""htf_poi_direction"": ""bearish"", ""htf_reason"": ""HTF bearish premium bearish FVG; equal_lows down"", ""htf_score_modifier"": 0.8, ""htf_structure_bias"": ""bearish"", ""htf_zone_high"": 4262.55, ""htf_zone_low"": 3874.28, ""htf_zone_type"": ""FVG"", ""model_family"": ""ict"", ""objective_is_equal_high_low"": true, ""objective_liquidity_quality"": ""strong"", ""objective_type"": ""equal_lows"", ""objective_unreached"": true, ""p_d_value"": 1.0, ""pd_array_age_bars"": 15, ""pd_array_type"": ""FVG"", ""pre_model_allowed_directions"": ""short"", ""pre_model_filter_pass"": true, ""pre_model_reasons"": """", ""rejection_body_level"": 4203.22, ""rejection_wick_extreme"": 4253.0, ""risk"": 50.62064399999963, ""risk_bps"": 120.43301088213232, ""session_filter"": ""off"", ""source_swing_significance"": ""short"", ""source_swing_time"": 1761537600000, ""stop_loss"": 4253.840644, ""stop_mode"": ""wick_extreme"", ""target_mode"": ""nearest_liquidity""}",10.381535248741685,0.0,False,True,True,True,True
rejection_block,ict,long,SOLUSDT,4h,1747540800000,1747540800000,1747555200000,1747540800000,body_level,wick_extreme,nearest_liquidity,167.33,167.33,167.33,163.876534,163.876534,174.16,3.45346600000002,206.3865415645742,conservative,False,True,False,,,strict,bullish,discount,FVG,swing_high,aligned,0.8,FVG,7,0.24480000000000018,True,bullish,ETHUSDT:SOLUSDT,0.532655,97,high,40,12,15,10,0,20,0,0,target_rr_below_2,True,long,,True,True,,,,,,,,,,,,,,,,,,,,,,,,,,,167.33,163.91,,,,,1.9777232496280386,1,,1,2,"{""current_wick_extreme"": 166.8, ""dealing_range_source"": ""long_swing_pair"", ""entry_mode"": ""body_level"", ""entry_price"": 167.33, ""has_smt_confirmation"": true, ""htf_allows_long"": true, ""htf_allows_short"": false, ""htf_approaching_poi"": true, ""htf_bias"": ""bullish"", ""htf_confidence"": 0.55, ""htf_context_alignment"": ""aligned"", ""htf_draw_direction"": ""up"", ""htf_inside_poi"": true, ""htf_location"": ""discount"", ""htf_mode"": ""strict"", ""htf_objective"": ""up"", ""htf_objective_level"": 184.87, ""htf_objective_quality"": ""strong"", ""htf_objective_reached"": false, ""htf_objective_type"": ""swing_high"", ""htf_objective_unreached"": true, ""htf_poi_direction"": ""bullish"", ""htf_reason"": ""HTF bullish discount bullish FVG; swing_high up"", ""htf_score_modifier"": 0.8, ""htf_structure_bias"": ""bullish"", ""htf_zone_high"": 168.68, ""htf_zone_low"": 164.61, ""htf_zone_type"": ""FVG"", ""model_family"": ""ict"", ""objective_is_equal_high_low"": false, ""objective_liquidity_quality"": ""strong"", ""objective_type"": ""swing_high"", ""objective_unreached"": true, ""p_d_value"": 0.24480000000000018, ""pd_array_age_bars"": 7, ""pd_array_type"": ""FVG"", ""pre_model_allowed_directions"": ""long"", ""pre_model_filter_pass"": true, ""pre_model_reasons"": """", ""rejection_body_level"": 167.33, ""rejection_wick_extreme"": 163.91, ""risk"": 3.45346600000002, ""risk_bps"": 206.3865415645742, ""session_filter"": ""off"", ""smt_direction"": ""bullish"", ""smt_pair"": ""ETHUSDT:SOLUSDT"", ""smt_primary_symbol"": ""ETHUSDT"", ""smt_secondary_symbol"": ""SOLUSDT"", ""smt_strength"": 0.532655, ""smt_timestamp"": 1747483200000, ""source_swing_significance"": ""short"", ""source_swing_time"": 1747440000000, ""stop_loss"": 163.876534, ""stop_mode"": ""wick_extreme"", ""target_mode"": ""nearest_liquidity""}",2.7219031546857337,2.3309915314064087,False,True,True,True,True
rejection_block,ict,long,SOLUSDT,4h,1747598400000,1747598400000,1747612800000,1747598400000,body_level,wick_extreme,nearest_liquidity,165.16,165.16,165.16,164.216968,164.216968,174.16,0.9430319999999881,57.098086703801656,conservative,False,True,False,,,strict,bullish,discount,FVG,swing_high,aligned,0.8,FVG,8,0.0,True,bullish,ETHUSDT:SOLUSDT,1.0,100,high,40,12,15,10,0,20,0,20,,True,long,,True,True,,,,,,,,,,,,,,,,,,,,,,,,,,,165.16,164.25,,,,,9.543684625760434,1,2,1,1,"{""current_wick_extreme"": 164.5, ""dealing_range_source"": ""long_swing_pair"", ""entry_mode"": ""body_level"", ""entry_price"": 165.16, ""has_smt_confirmation"": true, ""htf_allows_long"": true, ""htf_allows_short"": false, ""htf_approaching_poi"": true, ""htf_bias"": ""bullish"", ""htf_confidence"": 0.55, ""htf_context_alignment"": ""aligned"", ""htf_draw_direction"": ""up"", ""htf_inside_poi"": true, ""htf_location"": ""discount"", ""htf_mode"": ""strict"", ""htf_objective"": ""up"", ""htf_objective_level"": 184.87, ""htf_objective_quality"": ""strong"", ""htf_objective_reached"": false, ""htf_objective_type"": ""swing_high"", ""htf_objective_unreached"": true, ""htf_poi_direction"": ""bullish"", ""htf_reason"": ""HTF bullish discount bullish FVG; swing_high up"", ""htf_score_modifier"": 0.8, ""htf_structure_bias"": ""bullish"", ""htf_zone_high"": 168.68, ""htf_zone_low"": 164.61, ""htf_zone_type"": ""FVG"", ""model_family"": ""ict"", ""objective_is_equal_high_low"": false, ""objective_liquidity_quality"": ""strong"", ""objective_type"": ""swing_high"", ""objective_unreached"": true, ""p_d_value"": 0.0, ""pd_array_age_bars"": 8, ""pd_array_type"": ""FVG"", ""pre_model_allowed_directions"": ""long"", ""pre_model_filter_pass"": true, ""pre_model_reasons"": """", ""rejection_body_level"": 165.16, ""rejection_wick_extreme"": 164.25, ""risk"": 0.9430319999999881, ""risk_bps"": 57.098086703801656, ""session_filter"": ""off"", ""smt_direction"": ""bullish"", ""smt_pair"": ""ETHUSDT:SOLUSDT"", ""smt_primary_symbol"": ""ETHUSDT"", ""smt_secondary_symbol"": ""SOLUSDT"", ""smt_strength"": 1.0, ""smt_timestamp"": 1747598400000, ""source_swing_significance"": ""short"", ""source_swing_time"": 1747512000000, ""stop_loss"": 164.216968, ""stop_mode"": ""wick_extreme"", ""target_mode"": ""nearest_liquidity""}",14.410963784898259,6.2352072888301455,True,False,False,True,True
rejection_block,ict,long,SOLUSDT,4h,1747843200000,1747843200000,1747857600000,1747843200000,body_level,wick_extreme,nearest_liquidity,166.38,166.38,166.38,164.366724,164.366724,173.06,2.0132759999999905,121.0046880634686,conservative,False,True,False,,,strict,bullish,discount,FVG,swing_high,aligned,0.8,FVG,10,0.3935999999999998,False,,,,97,high,40,12,15,10,0,0,0,20,,True,long,,True,True,,,,,,,,,,,,,,,,,,,,,,,,,,,166.38,164.4,,,,,3.3179752800907765,1,,1,1,"{""current_wick_extreme"": 165.34, ""dealing_range_source"": ""long_swing_pair"", ""entry_mode"": ""body_level"", ""entry_price"": 166.38, ""has_smt_confirmation"": false, ""htf_allows_long"": true, ""htf_allows_short"": false, ""htf_approaching_poi"": true, ""htf_bias"": ""bullish"", ""htf_confidence"": 0.55, ""htf_context_alignment"": ""aligned"", ""htf_draw_direction"": ""up"", ""htf_inside_poi"": true, ""htf_location"": ""discount"", ""htf_mode"": ""strict"", ""htf_objective"": ""up"", ""htf_objective_level"": 184.87, ""htf_objective_quality"": ""strong"", ""htf_objective_reached"": false, ""htf_objective_type"": ""swing_high"", ""htf_objective_unreached"": true, ""htf_poi_direction"": ""bullish"", ""htf_reason"": ""HTF bullish discount bullish FVG; swing_high up"", ""htf_score_modifier"": 0.8, ""htf_structure_bias"": ""bullish"", ""htf_zone_high"": 168.68, ""htf_zone_low"": 164.61, ""htf_zone_type"": ""FVG"", ""model_family"": ""ict"", ""objective_is_equal_high_low"": false, ""objective_liquidity_quality"": ""strong"", ""objective_type"": ""swing_high"", ""objective_unreached"": true, ""p_d_value"": 0.3935999999999998, ""pd_array_age_bars"": 10, ""pd_array_type"": ""FVG"", ""pre_model_allowed_directions"": ""long"", ""pre_model_filter_pass"": true, ""pre_model_reasons"": """", ""rejection_body_level"": 166.38, ""rejection_wick_extreme"": 164.4, ""risk"": 2.0132759999999905, ""risk_bps"": 121.0046880634686, ""session_filter"": ""off"", ""source_swing_significance"": ""short"", ""source_swing_time"": 1747742400000, ""stop_loss"": 164.366724, ""stop_mode"": ""wick_extreme"", ""target_mode"": ""nearest_liquidity""}",10.574804448073733,0.0,False,True,True,True,True
rejection_block,ict,long,SOLUSDT,4h,1748419200000,1748419200000,1748433600000,1748419200000,body_level,wick_extreme,nearest_liquidity,173.42,173.42,173.42,171.025316,171.025316,174.16,2.394683999999984,138.08580325221914,conservative,False,True,False,,,strict,bullish,discount,Breaker,swing_high,aligned,0.8,Breaker,5,0.36350827756252196,False,,,,77,high,40,12,15,10,0,0,0,0,target_rr_below_2,True,long,,True,True,,,,,,,,,,,,,,,,,,,,,,,,,,,173.42,171.06,,,,,0.3090178077775665,1,1,,,"{""current_wick_extreme"": 172.72, ""dealing_range_source"": ""long_swing_pair"", ""entry_mode"": ""body_level"", ""entry_price"": 173.42, ""has_smt_confirmation"": false, ""htf_allows_long"": true, ""htf_allows_short"": false, ""htf_approaching_poi"": true, ""htf_bias"": ""bullish"", ""htf_confidence"": 0.55, ""htf_context_alignment"": ""aligned"", ""htf_draw_direction"": ""up"", ""htf_inside_poi"": true, ""htf_location"": ""discount"", ""htf_mode"": ""strict"", ""htf_objective"": ""up"", ""htf_objective_level"": 176.73, ""htf_objective_quality"": ""strong"", ""htf_objective_reached"": false, ""htf_objective_type"": ""swing_high"", ""htf_objective_unreached"": true, ""htf_poi_direction"": ""bullish"", ""htf_reason"": ""HTF bullish discount bullish Breaker; swing_high up"", ""htf_score_modifier"": 0.8, ""htf_structure_bias"": ""bullish"", ""htf_zone_high"": 173.24, ""htf_zone_low"": 165.87, ""htf_zone_type"": ""Breaker"", ""model_family"": ""ict"", ""objective_is_equal_high_low"": false, ""objective_liquidity_quality"": ""strong"", ""objective_type"": ""swing_high"", ""objective_unreached"": true, ""p_d_value"": 0.36350827756252196, ""pd_array_age_bars"": 5, ""pd_array_type"": ""Breaker"", ""pre_model_allowed_directions"": ""long"", ""pre_model_filter_pass"": true, ""pre_model_reasons"": """", ""rejection_body_level"": 173.42, ""rejection_wick_extreme"": 171.06, ""risk"": 2.394683999999984, ""risk_bps"": 138.08580325221914, ""session_filter"": ""off"", ""source_swing_significance"": ""short"", ""source_swing_time"": 1748304000000, ""stop_loss"": 171.025316, ""stop_mode"": ""wick_extreme"", ""target_mode"": ""nearest_liquidity""}",0.7767204357652309,8.919757262336129,True,False,False,False,False
ifvg_retest,ict,long,SOLUSDT,4h,1749268800000,1749268800000,1749700800000,1749283200000,edge,ce,nearest_liquidity,151.16,151.16,151.16,151.059768,151.059768,152.56,0.10023200000000543,6.6308547234721775,conservative,False,True,False,,,strict,bullish,discount,Breaker,swing_high,aligned,0.65,Breaker,1,0.3732698961937716,True,bullish,ETHUSDT:SOLUSDT,1.0,100,high,40,12,15,10,15,20,0,20,,True,long,,False,True,,,,,valid,,,,valid,,,,,,,151.02,151.16,151.09,9,2,,,,,,,,,,,1,1749283200000,13.967595179183594,1,,1,1,"{""breach_close"": 152.3, ""breach_displacement_factor"": 0.6798913086501853, ""breach_displacement_grade"": ""valid"", ""breach_time"": 1749268800000, ""dealing_range_source"": ""long_swing_pair"", ""displacement_grade"": ""valid"", ""entry_mode"": ""edge"", ""entry_price"": 151.16, ""entry_time"": 1749283200000, ""has_smt_confirmation"": true, ""htf_allows_long"": true, ""htf_allows_short"": false, ""htf_approaching_poi"": true, ""htf_bias"": ""bullish"", ""htf_confidence"": 0.8, ""htf_context_alignment"": ""aligned"", ""htf_draw_direction"": ""up"", ""htf_inside_poi"": false, ""htf_location"": ""discount"", ""htf_mode"": ""strict"", ""htf_objective"": ""up"", ""htf_objective_level"": 176.73, ""htf_objective_quality"": ""strong"", ""htf_objective_reached"": false, ""htf_objective_type"": ""swing_high"", ""htf_objective_unreached"": true, ""htf_poi_direction"": ""bullish"", ""htf_reason"": ""HTF bullish discount bullish Breaker; swing_high up"", ""htf_score_modifier"": 0.65, ""htf_structure_bias"": ""bullish"", ""htf_zone_high"": 157.62, ""htf_zone_low"": 156.36, ""htf_zone_type"": ""Breaker"", ""ifvg_ce"": 151.09, ""ifvg_ce_breached_by_retest_close"": false, ""ifvg_ce_invalidation"": 151.09, ""ifvg_high"": 151.16, ""ifvg_low"": 151.02, ""model_family"": ""ict"", ""objective_is_equal_high_low"": false, ""objective_liquidity_quality"": ""strong"", ""objective_type"": ""swing_high"", ""objective_unreached"": true, ""p_d_value"": 0.3732698961937716, ""pd_array_age_bars"": 1, ""pd_array_type"": ""Breaker"", ""pre_model_allowed_directions"": ""long"", ""pre_model_filter_pass"": true, ""pre_model_reasons"": """", ""retest_depth"": 0.07142857142851343, ""retest_time"": 1749283200000, ""risk"": 0.10023200000000543, ""risk_bps"": 6.6308547234721775, ""smt_direction"": ""bullish"", ""smt_pair"": ""ETHUSDT:SOLUSDT"", ""smt_primary_symbol"": ""ETHUSDT"", ""smt_secondary_symbol"": ""SOLUSDT"", ""smt_strength"": 1.0, ""smt_timestamp"": 1749672000000, ""source_fvg_age_bars"": 9, ""source_fvg_direction"": ""bearish"", ""source_fvg_time"": 1749139200000, ""source_fvg_touches_before_inversion"": 2, ""stop_loss"": 151.059768, ""stop_mode"": ""ce"", ""target_mode"": ""nearest_liquidity"", ""time_to_retest_bars"": 1}",107.55048287971324,35.617367706917946,False,True,True,True,True
reclaimed_ob,ict,short,SOLUSDT,4h,1746518400000,1746518400000,1751083200000,1746547200000,body_edge,mean_threshold,nearest_liquidity,144.57,144.57,144.57,144.898914,144.898914,144.15,0.3289139999999975,22.751193193608458,conservative,False,True,False,,,strict,bearish,premium,Breaker,equal_lows,aligned,0.8,Breaker,7,0.6298325722983259,False,,,,85,high,40,20,15,10,0,0,0,0,target_rr_below_2,True,short,,True,True,,,,,,,,,,,,,,,,,,,,,144.57,145.17,,,,,,,,,,1746547200000,1.2769295317316707,2,1,,,"{""dealing_range_source"": ""significant_swing_pair"", ""entry_mode"": ""body_edge"", ""entry_price"": 144.57, ""entry_time"": 1746547200000, ""has_smt_confirmation"": false, ""htf_allows_long"": false, ""htf_allows_short"": true, ""htf_approaching_poi"": true, ""htf_bias"": ""bearish"", ""htf_confidence"": 1.0, ""htf_context_alignment"": ""aligned"", ""htf_draw_direction"": ""down"", ""htf_inside_poi"": true, ""htf_location"": ""premium"", ""htf_mode"": ""strict"", ""htf_objective"": ""down"", ""htf_objective_level"": 141.365, ""htf_objective_quality"": ""strong"", ""htf_objective_reached"": false, ""htf_objective_type"": ""equal_lows"", ""htf_objective_unreached"": true, ""htf_poi_direction"": ""bearish"", ""htf_reason"": ""HTF bearish premium bearish Breaker; equal_lows down"", ""htf_score_modifier"": 0.8, ""htf_structure_bias"": ""bearish"", ""htf_zone_high"": 153.18, ""htf_zone_low"": 144.21, ""htf_zone_type"": ""Breaker"", ""model_family"": ""ict"", ""ob_high"": 145.17, ""ob_low"": 144.57, ""ob_mean_threshold"": 144.87, ""objective_is_equal_high_low"": true, ""objective_liquidity_quality"": ""strong"", ""objective_type"": ""equal_lows"", ""objective_unreached"": true, ""p_d_value"": 0.6298325722983259, ""pd_array_age_bars"": 7, ""pd_array_type"": ""Breaker"", ""pre_model_allowed_directions"": ""short"", ""pre_model_filter_pass"": true, ""pre_model_reasons"": """", ""prior_reaction_r"": 0.5, ""retest_count"": 1, ""retest_time"": 1746547200000, ""risk"": 0.3289139999999975, ""risk_bps"": 22.751193193608458, ""source_ob_time"": 1746504000000, ""stop_loss"": 144.898914, ""stop_mode"": ""mean_threshold"", ""target_mode"": ""nearest_liquidity""}",6.779887751813565,96.0433426366778,True,False,False,False,False
ifvg_retest,ict,short,SOLUSDT,4h,1751342400000,1751342400000,1751472000000,1751457600000,edge,ce,nearest_liquidity,150.97,150.97,150.97,153.155194,153.155194,149.64,2.1851939999999956,144.74359144200807,conservative,False,True,False,,,strict,bearish,premium,FVG,equal_lows,aligned,0.8,FVG,18,0.8243531202435309,False,,,,100,high,40,20,15,10,20,0,0,0,target_rr_below_2,True,short,,True,True,,,,,strong,,,,strong,,,,,,,150.97,155.28,153.125,3,2,,,,,,,,,,,8,1751457600000,0.6086416125982477,8,,1,,"{""breach_close"": 149.98, ""breach_displacement_factor"": 0.8053896948503327, ""breach_displacement_grade"": ""strong"", ""breach_time"": 1751342400000, ""dealing_range_source"": ""significant_swing_pair"", ""displacement_grade"": ""strong"", ""entry_mode"": ""edge"", ""entry_price"": 150.97, ""entry_time"": 1751457600000, ""has_smt_confirmation"": false, ""htf_allows_long"": false, ""htf_allows_short"": true, ""htf_approaching_poi"": true, ""htf_bias"": ""bearish"", ""htf_confidence"": 1.0, ""htf_context_alignment"": ""aligned"", ""htf_draw_direction"": ""down"", ""htf_inside_poi"": true, ""htf_location"": ""premium"", ""htf_mode"": ""strict"", ""htf_objective"": ""down"", ""htf_objective_level"": 141.365, ""htf_objective_quality"": ""strong"", ""htf_objective_reached"": false, ""htf_objective_type"": ""equal_lows"", ""htf_objective_unreached"": true, ""htf_poi_direction"": ""bearish"", ""htf_reason"": ""HTF bearish premium bearish FVG; equal_lows down"", ""htf_score_modifier"": 0.8, ""htf_structure_bias"": ""bearish"", ""htf_zone_high"": 159.14, ""htf_zone_low"": 152.55, ""htf_zone_type"": ""FVG"", ""ifvg_ce"": 153.125, ""ifvg_ce_breached_by_retest_close"": false, ""ifvg_ce_invalidation"": 153.125, ""ifvg_high"": 155.28, ""ifvg_low"": 150.97, ""model_family"": ""ict"", ""objective_is_equal_high_low"": true, ""objective_liquidity_quality"": ""strong"", ""objective_type"": ""equal_lows"", ""objective_unreached"": true, ""p_d_value"": 0.8243531202435309, ""pd_array_age_bars"": 18, ""pd_array_type"": ""FVG"", ""pre_model_allowed_directions"": ""short"", ""pre_model_filter_pass"": true, ""pre_model_reasons"": """", ""retest_depth"": 0.13689095127610282, ""retest_time"": 1751457600000, ""risk"": 2.1851939999999956, ""risk_bps"": 144.74359144200807, ""source_fvg_age_bars"": 3, ""source_fvg_direction"": ""bullish"", ""source_fvg_time"": 1751299200000, ""source_fvg_touches_before_inversion"": 2, ""stop_loss"": 153.155194, ""stop_mode"": ""ce"", ""target_mode"": ""nearest_liquidity"", ""time_to_retest_bars"": 8}",2.182872550446331,2.452871461298184,False,True,True,True,False
ifvg_retest,ict,short,SOLUSDT,4h,1751544000000,1751544000000,1751572800000,1751558400000,edge,ce,nearest_liquidity,151.56,151.56,151.56,151.755312,151.755312,149.64,0.19531200000000126,12.886777513855982,conservative,False,True,False,,,strict,bearish,premium,FVG,equal_lows,aligned,0.8,FVG,19,0.8054794520547941,False,,,,100,high,40,20,15,10,20,0,0,20,,True,short,,True,True,,,,,strong,,,,strong,,,,,,,151.56,151.89,151.725,4,1,,,,,,,,,,,1,1751558400000,9.830425165888443,1,1,,,"{""breach_close"": 150.09, ""breach_displacement_factor"": 0.824157853489454, ""breach_displacement_grade"": ""strong"", ""breach_time"": 1751544000000, ""dealing_range_source"": ""significant_swing_pair"", ""displacement_grade"": ""strong"", ""entry_mode"": ""edge"", ""entry_price"": 151.56, ""entry_time"": 1751558400000, ""has_smt_confirmation"": false, ""htf_allows_long"": false, ""htf_allows_short"": true, ""htf_approaching_poi"": true, ""htf_bias"": ""bearish"", ""htf_confidence"": 1.0, ""htf_context_alignment"": ""aligned"", ""htf_draw_direction"": ""down"", ""htf_inside_poi"": true, ""htf_location"": ""premium"", ""htf_mode"": ""strict"", ""htf_objective"": ""down"", ""htf_objective_level"": 141.365, ""htf_objective_quality"": ""strong"", ""htf_objective_reached"": false, ""htf_objective_type"": ""equal_lows"", ""htf_objective_unreached"": true, ""htf_poi_direction"": ""bearish"", ""htf_reason"": ""HTF bearish premium bearish FVG; equal_lows down"", ""htf_score_modifier"": 0.8, ""htf_structure_bias"": ""bearish"", ""htf_zone_high"": 159.14, ""htf_zone_low"": 152.55, ""htf_zone_type"": ""FVG"", ""ifvg_ce"": 151.725, ""ifvg_ce_breached_by_retest_close"": false, ""ifvg_ce_invalidation"": 151.725, ""ifvg_high"": 151.89, ""ifvg_low"": 151.56, ""model_family"": ""ict"", ""objective_is_equal_high_low"": true, ""objective_liquidity_quality"": ""strong"", ""objective_type"": ""equal_lows"", ""objective_unreached"": true, ""p_d_value"": 0.8054794520547941, ""pd_array_age_bars"": 19, ""pd_array_type"": ""FVG"", ""pre_model_allowed_directions"": ""short"", ""pre_model_filter_pass"": true, ""pre_model_reasons"": """", ""retest_depth"": 1.242424242424292, ""retest_time"": 1751558400000, ""risk"": 0.19531200000000126, ""risk_bps"": 12.886777513855982, ""source_fvg_age_bars"": 4, ""source_fvg_direction"": ""bullish"", ""source_fvg_time"": 1751486400000, ""source_fvg_touches_before_inversion"": 1, ""stop_loss"": 151.755312, ""stop_mode"": ""ce"", ""target_mode"": ""nearest_liquidity"", ""time_to_retest_bars"": 1}",33.02408454165616,12.49283198164978,True,False,False,False,False
rejection_block,ict,short,SOLUSDT,4h,1752148800000,1752148800000,1752163200000,1752148800000,body_level,wick_extreme,nearest_liquidity,157.28,157.28,157.28,159.361456,159.361456,150.15,2.081456000000003,132.3407934893186,conservative,False,True,False,,,strict,bearish,premium,FVG,equal_lows,aligned,0.8,FVG,26,0.951728636660143,True,bearish,ETHUSDT:SOLUSDT,1.0,100,high,40,20,15,10,0,20,0,20,,True,short,,True,True,,,,,,,,,,,,,,,,,,,,,,,,,,,157.28,159.33,,,,,3.425486774642359,1,1,,,"{""current_wick_extreme"": 158.31, ""dealing_range_source"": ""significant_swing_pair"", ""entry_mode"": ""body_level"", ""entry_price"": 157.28, ""has_smt_confirmation"": true, ""htf_allows_long"": false, ""htf_allows_short"": true, ""htf_approaching_poi"": true, ""htf_bias"": ""bearish"", ""htf_confidence"": 1.0, ""htf_context_alignment"": ""aligned"", ""htf_draw_direction"": ""down"", ""htf_inside_poi"": true, ""htf_location"": ""premium"", ""htf_mode"": ""strict"", ""htf_objective"": ""down"", ""htf_objective_level"": 141.365, ""htf_objective_quality"": ""strong"", ""htf_objective_reached"": false, ""htf_objective_type"": ""equal_lows"", ""htf_objective_unreached"": true, ""htf_poi_direction"": ""bearish"", ""htf_reason"": ""HTF bearish premium bearish FVG; equal_lows down"", ""htf_score_modifier"": 0.8, ""htf_structure_bias"": ""bearish"", ""htf_zone_high"": 159.14, ""htf_zone_low"": 152.55, ""htf_zone_type"": ""FVG"", ""model_family"": ""ict"", ""objective_is_equal_high_low"": true, ""objective_liquidity_quality"": ""strong"", ""objective_type"": ""equal_lows"", ""objective_unreached"": true, ""p_d_value"": 0.951728636660143, ""pd_array_age_bars"": 26, ""pd_array_type"": ""FVG"", ""pre_model_allowed_directions"": ""short"", ""pre_model_filter_pass"": true, ""pre_model_reasons"": """", ""rejection_body_level"": 157.28, ""rejection_wick_extreme"": 159.33, ""risk"": 2.081456000000003, ""risk_bps"": 132.3407934893186, ""session_filter"": ""off"", ""smt_direction"": ""bearish"", ""smt_pair"": ""ETHUSDT:SOLUSDT"", ""smt_primary_symbol"": ""ETHUSDT"", ""smt_secondary_symbol"": ""SOLUSDT"", ""smt_strength"": 1.0, ""smt_timestamp"": 1752120000000, ""source_swing_significance"": ""intermediate"", ""source_swing_time"": 1752105600000, ""stop_loss"": 159.361456, ""stop_mode"": ""wick_extreme"", ""target_mode"": ""nearest_liquidity""}",0.5813238425409936,5.236718912146109,True,False,False,False,False
ifvg_retest,ict,long,SOLUSDT,4h,1759939200000,1759939200000,1760140800000,1759953600000,edge,ce,nearest_liquidity,228.1,228.1,228.1,226.58937999999998,226.58937999999998,229.69,1.5106200000000172,66.22621657167984,conservative,False,True,False,,,strict,bullish,discount,PD,equal_highs,aligned,0.8,PD,0,0.0,False,,,,100,high,40,20,15,10,20,0,0,0,target_rr_below_2,True,long,,True,False,,,,,strong,,,,strong,,,,,,,225.17,228.1,226.635,6,0,,,,,,,,,,,1,1759953600000,1.0525479604400745,1,2,1,,"{""breach_close"": 229.23, ""breach_displacement_factor"": 0.9363566285054862, ""breach_displacement_grade"": ""strong"", ""breach_time"": 1759939200000, ""dealing_range_source"": ""significant_swing_pair"", ""displacement_grade"": ""strong"", ""entry_mode"": ""edge"", ""entry_price"": 228.1, ""entry_time"": 1759953600000, ""has_smt_confirmation"": false, ""htf_allows_long"": true, ""htf_allows_short"": false, ""htf_approaching_poi"": false, ""htf_bias"": ""bullish"", ""htf_confidence"": 1.0, ""htf_context_alignment"": ""aligned"", ""htf_draw_direction"": ""up"", ""htf_inside_poi"": true, ""htf_location"": ""discount"", ""htf_mode"": ""strict"", ""htf_objective"": ""up"", ""htf_objective_level"": 213.305, ""htf_objective_quality"": ""strong"", ""htf_objective_reached"": false, ""htf_objective_type"": ""equal_highs"", ""htf_objective_unreached"": true, ""htf_poi_direction"": ""bullish"", ""htf_reason"": ""HTF bullish discount bullish PD; equal_highs up"", ""htf_score_modifier"": 0.8, ""htf_structure_bias"": ""bullish"", ""htf_zone_high"": 214.23000000000002, ""htf_zone_low"": 214.23000000000002, ""htf_zone_type"": ""PD"", ""ifvg_ce"": 226.635, ""ifvg_ce_breached_by_retest_close"": false, ""ifvg_ce_invalidation"": 226.635, ""ifvg_high"": 228.1, ""ifvg_low"": 225.17, ""model_family"": ""ict"", ""objective_is_equal_high_low"": true, ""objective_liquidity_quality"": ""strong"", ""objective_type"": ""equal_highs"", ""objective_unreached"": true, ""p_d_value"": 0.0, ""pd_array_age_bars"": 0, ""pd_array_type"": ""PD"", ""pre_model_allowed_directions"": ""long"", ""pre_model_filter_pass"": true, ""pre_model_reasons"": """", ""retest_depth"": 0.2559726962457332, ""retest_time"": 1759953600000, ""risk"": 1.5106200000000172, ""risk_bps"": 66.22621657167984, ""source_fvg_age_bars"": 6, ""source_fvg_direction"": ""bearish"", ""source_fvg_time"": 1759852800000, ""source_fvg_touches_before_inversion"": 0, ""stop_loss"": 226.58937999999998, ""stop_mode"": ""ce"", ""target_mode"": ""nearest_liquidity"", ""time_to_retest_bars"": 1}",1.019448967973398,57.47309051912394,True,False,False,True,False
reclaimed_ob,ict,long,SOLUSDT,4h,1755129600000,1755129600000,1760140800000,1755158400000,body_edge,mean_threshold,nearest_liquidity,202.14,202.14,202.14,201.81957200000002,201.81957200000002,204.84,0.3204279999999642,15.851785890964885,conservative,False,True,False,,,strict,bullish,discount,PD,equal_highs,aligned,0.8,PD,0,0.0,False,,,,100,high,40,20,15,10,0,0,0,20,,True,long,,True,False,,,,,,,,,,,,,,,,,,,,,201.58,202.14,,,,,,,,,,1755158400000,8.426229917486358,2,,1,1,"{""dealing_range_source"": ""significant_swing_pair"", ""entry_mode"": ""body_edge"", ""entry_price"": 202.14, ""entry_time"": 1755158400000, ""has_smt_confirmation"": false, ""htf_allows_long"": true, ""htf_allows_short"": false, ""htf_approaching_poi"": false, ""htf_bias"": ""bullish"", ""htf_confidence"": 1.0, ""htf_context_alignment"": ""aligned"", ""htf_draw_direction"": ""up"", ""htf_inside_poi"": true, ""htf_location"": ""discount"", ""htf_mode"": ""strict"", ""htf_objective"": ""up"", ""htf_objective_level"": 213.305, ""htf_objective_quality"": ""strong"", ""htf_objective_reached"": false, ""htf_objective_type"": ""equal_highs"", ""htf_objective_unreached"": true, ""htf_poi_direction"": ""bullish"", ""htf_reason"": ""HTF bullish discount bullish PD; equal_highs up"", ""htf_score_modifier"": 0.8, ""htf_structure_bias"": ""bullish"", ""htf_zone_high"": 214.23000000000002, ""htf_zone_low"": 214.23000000000002, ""htf_zone_type"": ""PD"", ""model_family"": ""ict"", ""ob_high"": 202.14, ""ob_low"": 201.58, ""ob_mean_threshold"": 201.86, ""objective_is_equal_high_low"": true, ""objective_liquidity_quality"": ""strong"", ""objective_type"": ""equal_highs"", ""objective_unreached"": true, ""p_d_value"": 0.0, ""pd_array_age_bars"": 0, ""pd_array_type"": ""PD"", ""pre_model_allowed_directions"": ""long"", ""pre_model_filter_pass"": true, ""pre_model_reasons"": """", ""prior_reaction_r"": 0.5, ""retest_count"": 1, ""retest_time"": 1755158400000, ""risk"": 0.3204279999999642, ""risk_bps"": 15.851785890964885, ""source_ob_time"": 1755115200000, ""stop_loss"": 201.81957200000002, ""stop_mode"": ""mean_threshold"", ""target_mode"": ""nearest_liquidity""}",12.01517969715647,59.014817681357776,False,True,True,True,True
