model,model_family,direction,symbol,timeframe,timestamp,setup_timestamp,detected_at,entry_time,entry_mode,stop_mode,target_mode,entry_price,entry_low,entry_high,stop_loss,invalidation,target_hint,risk,risk_bps,same_bar_policy,same_bar_ambiguous,activated_trade,invalidated_before_entry,session_window,ny_time,htf_mode,htf_bias,htf_location,htf_zone_type,htf_objective_type,htf_context_alignment,htf_score_modifier,has_smt_confirmation,smt_direction,smt_pair,smt_strength,decision_score,score_bucket,htf_alignment_score,draw_score,pd_location_score,poi_score,displacement_score,smt_score,killzone_score,target_rr_score,no_trade_reasons,pre_model_filter_pass,pre_model_allowed_directions,pre_model_reasons,htf_inside_poi,htf_approaching_poi,swept_level,sweep_extreme,sweep_liquidity_quality,sweep_level_age_bars,displacement_grade,breach_displacement_grade,turtle_quality,fvg_low,fvg_high,fvg_ce,ifvg_low,ifvg_high,ifvg_ce,ob_low,ob_high,breaker_low,breaker_high,rejection_body_level,rejection_wick_extreme,mitigation_low,mitigation_high,time_to_retest_bars,retest_time,target_distance_r,time_to_entry_bars,bars_to_invalidation,bars_to_1r,bars_to_2r,metadata_json,mfe_r,mae_r,invalidated,target_hit,target_before_invalidation,hit_1r_before_invalidation,hit_2r_before_invalidation
turtle_soup,ict,long,BTCUSDT,1h,1747281600000,1747281600000,1747285200000,1747281600000,close,sweep_extreme,opposite_range,102858.2,102858.2,102858.2,102635.42836,102635.42836,104949.2,222.77163999999175,21.658131291427594,conservative,False,True,False,,,aligned_only,bullish,discount,,,,,,,,,80,high,40,5,15,0,0,0,0,20,,True,long,,True,True,102773.4,102656.0,strong,13,,,strong,,,,,,,,,,,,,,,,,9.386293515638155,1,1,,,"{""close_back_distance_bps"": 8.251162265722737, ""entry_mode"": ""close"", ""entry_price"": 102858.2, ""htf_approaching_poi"": true, ""htf_bias"": ""bullish"", ""htf_inside_poi"": true, ""htf_location"": ""discount"", ""htf_mode"": ""aligned_only"", ""htf_objective"": ""up"", ""model_family"": ""ict"", ""pre_model_allowed_directions"": ""long"", ""pre_model_filter_pass"": true, ""pre_model_reasons"": """", ""risk"": 222.77163999999175, ""risk_bps"": 21.658131291427594, ""stop_loss"": 102635.42836, ""stop_mode"": ""sweep_extreme"", ""sweep_extreme"": 102656.0, ""sweep_level_age_bars"": 13, ""sweep_liquidity_quality"": ""strong"", ""sweep_swing_significance"": ""long"", ""swept_level"": 102773.4, ""target_mode"": ""opposite_range"", ""turtle_quality"": ""strong"", ""turtle_quality_filters"": {""close_back_fraction"": 0.313842, ""min_close_back_fraction"": 0.05, ""min_wick_atr_ratio"": 0.0, ""min_wick_fraction"": 0.1, ""passed"": true, ""quality"": ""strong"", ""wick_atr_ratio"": 0.220681, ""wick_extension"": 117.39999999999418, ""wick_fraction"": 0.434493}, ""wick_extension_bps"": 11.423189268818021}",0.1292803697993334,6.397582744374687,True,False,False,False,False
turtle_soup,ict,long,BTCUSDT,1h,1747314000000,1747314000000,1747317600000,1747314000000,close,sweep_extreme,opposite_range,102094.8,102094.8,102094.8,101438.58104,101438.58104,104949.2,656.2189599999983,64.2754537939247,conservative,False,True,False,,,aligned_only,bullish,discount,,,,,,,,,80,high,40,5,15,0,0,0,0,20,,True,long,,True,True,101677.0,101459.0,medium,6,,,valid,,,,,,,,,,,,,,,,,4.349767644628862,1,1,,,"{""close_back_distance_bps"": 41.09090551452176, ""entry_mode"": ""close"", ""entry_price"": 102094.8, ""htf_approaching_poi"": true, ""htf_bias"": ""bullish"", ""htf_inside_poi"": true, ""htf_location"": ""discount"", ""htf_mode"": ""aligned_only"", ""htf_objective"": ""up"", ""model_family"": ""ict"", ""pre_model_allowed_directions"": ""long"", ""pre_model_filter_pass"": true, ""pre_model_reasons"": """", ""risk"": 656.2189599999983, ""risk_bps"": 64.2754537939247, ""stop_loss"": 101438.58104, ""stop_mode"": ""sweep_extreme"", ""sweep_extreme"": 101459.0, ""sweep_level_age_bars"": 6, ""sweep_liquidity_quality"": ""medium"", ""sweep_swing_significance"": ""intermediate"", ""swept_level"": 101677.0, ""target_mode"": ""opposite_range"", ""turtle_quality"": ""valid"", ""turtle_quality_filters"": {""close_back_fraction"": 0.323901, ""min_close_back_fraction"": 0.05, ""min_wick_atr_ratio"": 0.0, ""min_wick_fraction"": 0.1, ""passed"": true, ""quality"": ""valid"", ""wick_atr_ratio"": 0.440222, ""wick_extension"": 218.0, ""wick_fraction"": 0.169005}, ""wick_extension_bps"": 21.440443758175398}",3.1513871528491118,1.2556784400133791,True,False,False,False,False
ifvg_retest,ict,long,BTCUSDT,1h,1747605600000,1747605600000,1747627200000,1747616400000,edge,ce,nearest_liquidity,104796.7,104796.7,104796.7,104727.39066,104727.39066,105999.7,69.30933999999252,6.613694896880581,conservative,False,True,False,,,aligned_only,bullish,discount,FVG,swing_high,aligned,0.8,False,,,,100,high,40,12,15,10,20,0,0,20,,True,long,,True,True,,,,,strong,strong,,,,,104700.0,104796.7,104748.35,,,,,,,,,3,1747616400000,17.35696805077252,3,1,,,"{""breach_close"": 105899.2, ""breach_displacement_factor"": 0.9267601490488317, ""breach_displacement_grade"": ""strong"", ""breach_time"": 1747605600000, ""dealing_range_source"": ""long_swing_pair"", ""displacement_grade"": ""strong"", ""entry_mode"": ""edge"", ""entry_price"": 104796.7, ""entry_time"": 1747616400000, ""has_smt_confirmation"": false, ""htf_allows_long"": true, ""htf_allows_short"": false, ""htf_approaching_poi"": true, ""htf_bias"": ""bullish"", ""htf_confidence"": 0.55, ""htf_context_alignment"": ""aligned"", ""htf_draw_direction"": ""up"", ""htf_inside_poi"": true, ""htf_location"": ""discount"", ""htf_mode"": ""aligned_only"", ""htf_objective"": ""up"", ""htf_objective_level"": 105863.1, ""htf_objective_quality"": ""strong"", ""htf_objective_reached"": false, ""htf_objective_type"": ""swing_high"", ""htf_objective_unreached"": true, ""htf_poi_direction"": ""bullish"", ""htf_reason"": ""HTF bullish discount bullish FVG; swing_high up"", ""htf_score_modifier"": 0.8, ""htf_structure_bias"": ""bullish"", ""htf_zone_high"": 102240.0, ""htf_zone_low"": 97700.0, ""htf_zone_type"": ""FVG"", ""ifvg_ce"": 104748.35, ""ifvg_high"": 104796.7, ""ifvg_low"": 104700.0, ""model_family"": ""ict"", ""objective_is_equal_high_low"": false, ""objective_liquidity_quality"": ""strong"", ""objective_type"": ""swing_high"", ""objective_unreached"": true, ""pre_model_allowed_directions"": ""long"", ""pre_model_filter_pass"": true, ""pre_model_reasons"": """", ""retest_depth"": 0.9989658738365479, ""retest_time"": 1747616400000, ""risk"": 69.30933999999252, ""risk_bps"": 6.613694896880581, ""source_fvg_direction"": ""bearish"", ""source_fvg_time"": 1747594800000, ""stop_loss"": 104727.39066, ""stop_mode"": ""ce"", ""target_mode"": ""nearest_liquidity"", ""time_to_retest_bars"": 3}",8.590472799193774,18.674250829688216,True,False,False,False,False
turtle_soup,ict,long,BTCUSDT,1h,1747627200000,1747627200000,1747630800000,1747627200000,close,sweep_extreme,opposite_range,102960.1,102960.1,102960.1,102719.60798,102719.60798,107114.3,240.49202000000514,23.357788114036904,conservative,False,True,False,,,aligned_only,bullish,discount,,,,,,,,,80,high,40,5,15,0,0,0,0,20,,True,long,,True,True,102851.5,102740.2,strong,30,,,valid,,,,,,,,,,,,,,,,,17.273754031422367,1,1,,,"{""close_back_distance_bps"": 10.558912607011644, ""entry_mode"": ""close"", ""entry_price"": 102960.1, ""htf_approaching_poi"": true, ""htf_bias"": ""bullish"", ""htf_inside_poi"": true, ""htf_location"": ""discount"", ""htf_mode"": ""aligned_only"", ""htf_objective"": ""up"", ""model_family"": ""ict"", ""pre_model_allowed_directions"": ""long"", ""pre_model_filter_pass"": true, ""pre_model_reasons"": """", ""risk"": 240.49202000000514, ""risk_bps"": 23.357788114036904, ""stop_loss"": 102719.60798, ""stop_mode"": ""sweep_extreme"", ""sweep_extreme"": 102740.2, ""sweep_level_age_bars"": 30, ""sweep_liquidity_quality"": ""strong"", ""sweep_swing_significance"": ""long"", ""swept_level"": 102851.5, ""target_mode"": ""opposite_range"", ""turtle_quality"": ""valid"", ""turtle_quality_filters"": {""close_back_fraction"": 0.108709, ""min_close_back_fraction"": 0.05, ""min_wick_atr_ratio"": 0.0, ""min_wick_fraction"": 0.1, ""passed"": true, ""quality"": ""valid"", ""wick_atr_ratio"": 0.137057, ""wick_extension"": 111.30000000000291, ""wick_fraction"": 0.111411}, ""wick_extension_bps"": 10.821427008843129}",1.6607619662389863,3.8308963432548957,True,False,False,False,False
turtle_soup,ict,long,BTCUSDT,1h,1747630800000,1747630800000,1747634400000,1747630800000,close,sweep_extreme,opposite_range,102990.8,102990.8,102990.8,102480.40184,102480.40184,107114.3,510.398159999997,49.55764592565521,conservative,False,True,False,,,aligned_only,bullish,discount,,,,,,,,,80,high,40,5,15,0,0,0,0,20,,True,long,,True,True,102851.5,102501.0,strong,31,,,strong,,,,,,,,,,,,,,,,,8.078986805124893,1,1,,,"{""close_back_distance_bps"": 13.54379858339479, ""entry_mode"": ""close"", ""entry_price"": 102990.8, ""htf_approaching_poi"": true, ""htf_bias"": ""bullish"", ""htf_inside_poi"": true, ""htf_location"": ""discount"", ""htf_mode"": ""aligned_only"", ""htf_objective"": ""up"", ""model_family"": ""ict"", ""pre_model_allowed_directions"": ""long"", ""pre_model_filter_pass"": true, ""pre_model_reasons"": """", ""risk"": 510.398159999997, ""risk_bps"": 49.55764592565521, ""stop_loss"": 102480.40184, ""stop_mode"": ""sweep_extreme"", ""sweep_extreme"": 102501.0, ""sweep_level_age_bars"": 31, ""sweep_liquidity_quality"": ""strong"", ""sweep_swing_significance"": ""long"", ""swept_level"": 102851.5, ""target_mode"": ""opposite_range"", ""turtle_quality"": ""strong"", ""turtle_quality_filters"": {""close_back_fraction"": 0.249195, ""min_close_back_fraction"": 0.05, ""min_wick_atr_ratio"": 0.0, ""min_wick_fraction"": 0.1, ""passed"": true, ""quality"": ""strong"", ""wick_atr_ratio"": 0.417667, ""wick_extension"": 350.5, ""wick_fraction"": 0.627013}, ""wick_extension_bps"": 34.078258460012734}",0.7223772123316418,1.8652104858685337,True,False,False,False,False
turtle_soup,ict,long,BTCUSDT,1h,1747648800000,1747648800000,1747652400000,1747648800000,close,sweep_extreme,opposite_range,102888.3,102888.3,102888.3,102779.42234,102779.42234,107114.3,108.87765999999829,10.582122554264991,conservative,False,True,False,,,aligned_only,bullish,discount,,,,,,,,,80,high,40,5,15,0,0,0,0,20,,True,long,,True,True,102851.5,102800.0,strong,36,,,valid,,,,,,,,,,,,,,,,,38.814206697683126,1,1,,,"{""close_back_distance_bps"": 3.577974069411035, ""entry_mode"": ""close"", ""entry_price"": 102888.3, ""htf_approaching_poi"": true, ""htf_bias"": ""bullish"", ""htf_inside_poi"": true, ""htf_location"": ""discount"", ""htf_mode"": ""aligned_only"", ""htf_objective"": ""up"", ""model_family"": ""ict"", ""pre_model_allowed_directions"": ""long"", ""pre_model_filter_pass"": true, ""pre_model_reasons"": """", ""risk"": 108.87765999999829, ""risk_bps"": 10.582122554264991, ""stop_loss"": 102779.42234, ""stop_mode"": ""sweep_extreme"", ""sweep_extreme"": 102800.0, ""sweep_level_age_bars"": 36, ""sweep_liquidity_quality"": ""strong"", ""sweep_swing_significance"": ""long"", ""swept_level"": 102851.5, ""target_mode"": ""opposite_range"", ""turtle_quality"": ""valid"", ""turtle_quality_filters"": {""close_back_fraction"": 0.149169, ""min_close_back_fraction"": 0.05, ""min_wick_atr_ratio"": 0.0, ""min_wick_fraction"": 0.1, ""passed"": true, ""quality"": ""valid"", ""wick_atr_ratio"": 0.051521, ""wick_extension"": 51.5, ""wick_fraction"": 0.208756}, ""wick_extension_bps"": 5.007219146050374}",18.662230617373904,7.342185715600623,True,False,False,False,False
turtle_soup,ict,long,BTCUSDT,1h,1747652400000,1747652400000,1747656000000,1747652400000,close,sweep_extreme,opposite_range,102912.0,102912.0,102912.0,102712.2176,102712.2176,107114.3,199.78239999999641,19.412935323382737,conservative,False,True,False,,,aligned_only,bullish,discount,,,,,,,,,80,high,40,5,15,0,0,0,0,20,,True,long,,True,True,102851.5,102732.8,strong,37,,,strong,,,,,,,,,,,,,,,,,21.034385411327918,1,1,,,"{""close_back_distance_bps"": 5.882267152156264, ""entry_mode"": ""close"", ""entry_price"": 102912.0, ""htf_approaching_poi"": true, ""htf_bias"": ""bullish"", ""htf_inside_poi"": true, ""htf_location"": ""discount"", ""htf_mode"": ""aligned_only"", ""htf_objective"": ""up"", ""model_family"": ""ict"", ""pre_model_allowed_directions"": ""long"", ""pre_model_filter_pass"": true, ""pre_model_reasons"": """", ""risk"": 199.78239999999641, ""risk_bps"": 19.412935323382737, ""stop_loss"": 102712.2176, ""stop_mode"": ""sweep_extreme"", ""sweep_extreme"": 102732.8, ""sweep_level_age_bars"": 37, ""sweep_liquidity_quality"": ""strong"", ""sweep_swing_significance"": ""long"", ""swept_level"": 102851.5, ""target_mode"": ""opposite_range"", ""turtle_quality"": ""strong"", ""turtle_quality_filters"": {""close_back_fraction"": 0.206485, ""min_close_back_fraction"": 0.05, ""min_wick_atr_ratio"": 0.0, ""min_wick_fraction"": 0.1, ""passed"": true, ""quality"": ""strong"", ""wick_atr_ratio"": 0.121965, ""wick_extension"": 118.69999999999709, ""wick_fraction"": 0.405119}, ""wick_extension_bps"": 11.540910924974074}",12.453549461814678,4.119982541004716,True,False,False,False,False
ifvg_retest,ict,short,BTCUSDT,1h,1748012400000,1748012400000,1748044800000,1748016000000,edge,ce,nearest_liquidity,109080.7,109080.7,109080.7,109273.81614,109273.81614,107950.0,193.11613999999827,17.703969629824368,conservative,False,True,False,,,aligned_only,bearish,premium,IFVG,swing_low,aligned,0.8,False,,,,100,high,40,12,15,10,15,0,0,20,,True,short,,True,True,,,,,valid,valid,,,,,109080.7,109423.3,109252.0,,,,,,,,,1,1748016000000,5.855025892708953,1,,1,1,"{""breach_close"": 108892.4, ""breach_displacement_factor"": 0.7157155320470041, ""breach_displacement_grade"": ""valid"", ""breach_time"": 1748012400000, ""dealing_range_source"": ""long_swing_pair"", ""displacement_grade"": ""valid"", ""entry_mode"": ""edge"", ""entry_price"": 109080.7, ""entry_time"": 1748016000000, ""has_smt_confirmation"": false, ""htf_allows_long"": false, ""htf_allows_short"": true, ""htf_approaching_poi"": true, ""htf_bias"": ""bearish"", ""htf_confidence"": 0.55, ""htf_context_alignment"": ""aligned"", ""htf_draw_direction"": ""down"", ""htf_inside_poi"": true, ""htf_location"": ""premium"", ""htf_mode"": ""aligned_only"", ""htf_objective"": ""down"", ""htf_objective_level"": 102038.8, ""htf_objective_quality"": ""strong"", ""htf_objective_reached"": false, ""htf_objective_type"": ""swing_low"", ""htf_objective_unreached"": true, ""htf_poi_direction"": ""bearish"", ""htf_reason"": ""HTF bearish premium bearish IFVG; swing_low down"", ""htf_score_modifier"": 0.8, ""htf_structure_bias"": ""bearish"", ""htf_zone_high"": 109153.4, ""htf_zone_low"": 107292.5, ""htf_zone_type"": ""IFVG"", ""ifvg_ce"": 109252.0, ""ifvg_high"": 109423.3, ""ifvg_low"": 109080.7, ""model_family"": ""ict"", ""objective_is_equal_high_low"": false, ""objective_liquidity_quality"": ""strong"", ""objective_type"": ""swing_low"", ""objective_unreached"": true, ""pre_model_allowed_directions"": ""short"", ""pre_model_filter_pass"": true, ""pre_model_reasons"": """", ""retest_depth"": 0.27116170461181305, ""retest_time"": 1748016000000, ""risk"": 193.11613999999827, ""risk_bps"": 17.703969629824368, ""source_fvg_direction"": ""bullish"", ""source_fvg_time"": 1748008800000, ""stop_loss"": 109273.81614, ""stop_mode"": ""ce"", ""target_mode"": ""nearest_liquidity"", ""time_to_retest_bars"": 1}",5.855025892708953,3.5175723789840094,False,True,True,True,True
turtle_soup,ict,short,BTCUSDT,1h,1748124000000,1748124000000,1748127600000,1748124000000,close,sweep_extreme,opposite_range,108052.8,108052.8,108052.8,108810.11056,108810.11056,106721.9,757.3105599999981,70.08708335184262,conservative,False,True,False,,,aligned_only,bearish,premium,,,,,,,,,60,medium,40,5,15,0,0,0,0,0,target_rr_below_2,True,short,,True,True,108520.0,108788.5,medium,18,,,strong,,,,,,,,,,,,,,,,,1.7574031979694198,1,,2,,"{""close_back_distance_bps"": 43.05197198673029, ""entry_mode"": ""close"", ""entry_price"": 108052.8, ""htf_approaching_poi"": true, ""htf_bias"": ""bearish"", ""htf_inside_poi"": true, ""htf_location"": ""premium"", ""htf_mode"": ""aligned_only"", ""htf_objective"": ""down"", ""model_family"": ""ict"", ""pre_model_allowed_directions"": ""short"", ""pre_model_filter_pass"": true, ""pre_model_reasons"": """", ""risk"": 757.3105599999981, ""risk_bps"": 70.08708335184262, ""stop_loss"": 108810.11056, ""stop_mode"": ""sweep_extreme"", ""sweep_extreme"": 108788.5, ""sweep_level_age_bars"": 18, ""sweep_liquidity_quality"": ""medium"", ""sweep_swing_significance"": ""intermediate"", ""swept_level"": 108520.0, ""target_mode"": ""opposite_range"", ""turtle_quality"": ""strong"", ""turtle_quality_filters"": {""close_back_fraction"": 0.539866, ""min_close_back_fraction"": 0.05, ""min_wick_atr_ratio"": 0.0, ""min_wick_fraction"": 0.1, ""passed"": true, ""quality"": ""strong"", ""wick_atr_ratio"": 0.552134, ""wick_extension"": 268.5, ""wick_fraction"": 0.310261}, ""wick_extension_bps"": 24.741983044600076}",1.2026770100762958,0.4135687742159543,False,False,False,True,False
turtle_soup,ict,short,BTCUSDT,1h,1748199600000,1748199600000,1748203200000,1748199600000,close,sweep_extreme,opposite_range,107656.3,107656.3,107656.3,107909.53126,107909.53126,106497.0,253.23126000000047,23.52219609999605,conservative,False,True,False,,,aligned_only,bearish,premium,,,,,,,,,80,high,40,5,15,0,0,0,0,20,,True,short,,True,True,107698.4,107888.0,weak,6,,,valid,,,,,,,,,,,,,,,,,4.57802879470726,1,3,1,2,"{""close_back_distance_bps"": 3.909064572917636, ""entry_mode"": ""close"", ""entry_price"": 107656.3, ""htf_approaching_poi"": true, ""htf_bias"": ""bearish"", ""htf_inside_poi"": true, ""htf_location"": ""premium"", ""htf_mode"": ""aligned_only"", ""htf_objective"": ""down"", ""model_family"": ""ict"", ""pre_model_allowed_directions"": ""short"", ""pre_model_filter_pass"": true, ""pre_model_reasons"": """", ""risk"": 253.23126000000047, ""risk_bps"": 23.52219609999605, ""stop_loss"": 107909.53126, ""stop_mode"": ""sweep_extreme"", ""sweep_extreme"": 107888.0, ""sweep_level_age_bars"": 6, ""sweep_liquidity_quality"": ""weak"", ""sweep_swing_significance"": ""short"", ""swept_level"": 107698.4, ""target_mode"": ""opposite_range"", ""turtle_quality"": ""valid"", ""turtle_quality_filters"": {""close_back_fraction"": 0.079886, ""min_close_back_fraction"": 0.05, ""min_wick_atr_ratio"": 0.0, ""min_wick_fraction"": 0.1, ""passed"": true, ""quality"": ""valid"", ""wick_atr_ratio"": 0.328425, ""wick_extension"": 189.60000000000582, ""wick_fraction"": 0.359772}, ""wick_extension_bps"": 17.60471836164751}",2.1225657527431605,7.5614677271676465,True,False,False,True,True
turtle_soup,ict,short,BTCUSDT,1h,1748206800000,1748206800000,1748210400000,1748206800000,close,sweep_extreme,opposite_range,107406.7,107406.7,107406.7,107886.18134,107886.18134,106497.0,479.48133999999845,44.64166015714089,conservative,False,True,False,,,aligned_only,bearish,premium,,,,,,,,,60,medium,40,5,15,0,0,0,0,0,target_rr_below_2,True,short,,True,True,107698.4,107864.7,weak,8,,,valid,,,,,,,,,,,,,,,,,1.8972584000870607,1,1,,,"{""close_back_distance_bps"": 27.08489634014963, ""entry_mode"": ""close"", ""entry_price"": 107406.7, ""htf_approaching_poi"": true, ""htf_bias"": ""bearish"", ""htf_inside_poi"": true, ""htf_location"": ""premium"", ""htf_mode"": ""aligned_only"", ""htf_objective"": ""down"", ""model_family"": ""ict"", ""pre_model_allowed_directions"": ""short"", ""pre_model_filter_pass"": true, ""pre_model_reasons"": """", ""risk"": 479.48133999999845, ""risk_bps"": 44.64166015714089, ""stop_loss"": 107886.18134, ""stop_mode"": ""sweep_extreme"", ""sweep_extreme"": 107864.7, ""sweep_level_age_bars"": 8, ""sweep_liquidity_quality"": ""weak"", ""sweep_swing_significance"": ""short"", ""swept_level"": 107698.4, ""target_mode"": ""opposite_range"", ""turtle_quality"": ""valid"", ""turtle_quality_filters"": {""close_back_fraction"": 0.391071, ""min_close_back_fraction"": 0.05, ""min_wick_atr_ratio"": 0.0, ""min_wick_fraction"": 0.1, ""passed"": true, ""quality"": ""valid"", ""wick_atr_ratio"": 0.314097, ""wick_extension"": 166.3000000000029, ""wick_fraction"": 0.222952}, ""wick_extension_bps"": 15.441269322478599}",0.2385911410024727,5.108227986515619,True,False,False,False,False
ifvg_retest,ict,short,BTCUSDT,1h,1748124000000,1748124000000,1748214000000,1748210400000,edge,ce,nearest_liquidity,108385.0,108385.0,108385.0,108735.927,108735.927,107950.0,350.92699999999604,32.37781980901379,conservative,False,False,False,,,aligned_only,bearish,premium,IFVG,swing_low,aligned,0.8,False,,,,97,high,40,12,15,10,20,0,0,0,target_rr_below_2,True,short,,True,True,,,,,strong,strong,,,,,108385.0,109043.5,108714.25,,,,,,,,,24,1748210400000,1.2395740424646862,,,,,"{""breach_close"": 108052.8, ""breach_displacement_factor"": 0.8779238576664998, ""breach_displacement_grade"": ""strong"", ""breach_time"": 1748124000000, ""dealing_range_source"": ""long_swing_pair"", ""displacement_grade"": ""strong"", ""entry_mode"": ""edge"", ""entry_price"": 108385.0, ""entry_time"": 1748210400000, ""has_smt_confirmation"": false, ""htf_allows_long"": false, ""htf_allows_short"": true, ""htf_approaching_poi"": true, ""htf_bias"": ""bearish"", ""htf_confidence"": 0.55, ""htf_context_alignment"": ""aligned"", ""htf_draw_direction"": ""down"", ""htf_inside_poi"": true, ""htf_location"": ""premium"", ""htf_mode"": ""aligned_only"", ""htf_objective"": ""down"", ""htf_objective_level"": 102038.8, ""htf_objective_quality"": ""strong"", ""htf_objective_reached"": false, ""htf_objective_type"": ""swing_low"", ""htf_objective_unreached"": true, ""htf_poi_direction"": ""bearish"", ""htf_reason"": ""HTF bearish premium bearish IFVG; swing_low down"", ""htf_score_modifier"": 0.8, ""htf_structure_bias"": ""bearish"", ""htf_zone_high"": 109153.4, ""htf_zone_low"": 107292.5, ""htf_zone_type"": ""IFVG"", ""ifvg_ce"": 108714.25, ""ifvg_high"": 109043.5, ""ifvg_low"": 108385.0, ""model_family"": ""ict"", ""objective_is_equal_high_low"": false, ""objective_liquidity_quality"": ""strong"", ""objective_type"": ""swing_low"", ""objective_unreached"": true, ""pre_model_allowed_directions"": ""short"", ""pre_model_filter_pass"": true, ""pre_model_reasons"": """", ""retest_depth"": 1.190584662110858, ""retest_time"": 1748210400000, ""risk"": 350.92699999999604, ""risk_bps"": 32.37781980901379, ""source_fvg_direction"": ""bullish"", ""source_fvg_time"": 1748084400000, ""stop_loss"": 108735.927, ""stop_mode"": ""ce"", ""target_mode"": ""nearest_liquidity"", ""time_to_retest_bars"": 24}",,,False,False,False,False,False
turtle_soup,ict,short,BTCUSDT,1h,1748214000000,1748214000000,1748217600000,1748214000000,close,sweep_extreme,opposite_range,108955.9,108955.9,108955.9,109306.89118,109306.89118,106497.0,350.9911800000118,32.21405908262075,conservative,False,True,False,,,aligned_only,bearish,premium,,,,,,,,,80,high,40,5,15,0,0,0,0,20,,True,short,,True,True,109084.8,109285.1,strong,27,,,strong,,,,,,,,,,,,,,,,,7.00558914329389,1,1,,,"{""close_back_distance_bps"": 11.816495057057328, ""entry_mode"": ""close"", ""entry_price"": 108955.9, ""htf_approaching_poi"": true, ""htf_bias"": ""bearish"", ""htf_inside_poi"": true, ""htf_location"": ""premium"", ""htf_mode"": ""aligned_only"", ""htf_objective"": ""down"", ""model_family"": ""ict"", ""pre_model_allowed_directions"": ""short"", ""pre_model_filter_pass"": true, ""pre_model_reasons"": """", ""risk"": 350.9911800000118, ""risk_bps"": 32.21405908262075, ""stop_loss"": 109306.89118, ""stop_mode"": ""sweep_extreme"", ""sweep_extreme"": 109285.1, ""sweep_level_age_bars"": 27, ""sweep_liquidity_quality"": ""strong"", ""sweep_swing_significance"": ""long"", ""swept_level"": 109084.8, ""target_mode"": ""opposite_range"", ""turtle_quality"": ""strong"", ""turtle_quality_filters"": {""close_back_fraction"": 0.164016, ""min_close_back_fraction"": 0.05, ""min_wick_atr_ratio"": 0.0, ""min_wick_fraction"": 0.1, ""passed"": true, ""quality"": ""strong"", ""wick_atr_ratio"": 0.400288, ""wick_extension"": 200.3000000000029, ""wick_fraction"": 0.254867}, ""wick_extension_bps"": 18.361861597583065}",0.966690957875286,2.5644519044608916,True,False,False,False,False
turtle_soup,ict,short,BTCUSDT,1h,1748224800000,1748224800000,1748228400000,1748224800000,close,sweep_extreme,opposite_range,109353.2,109353.2,109353.2,109759.87064,109759.87064,106497.0,406.67063999999664,37.18872790188094,conservative,False,True,False,,,aligned_only,bearish,premium,,,,,,,,,80,high,40,5,15,0,0,0,0,20,,True,short,,True,True,109440.2,109738.0,strong,39,,,strong,,,,,,,,,,,,,,,,,7.023374001132761,1,4,,,"{""close_back_distance_bps"": 7.949546875828078, ""entry_mode"": ""close"", ""entry_price"": 109353.2, ""htf_approaching_poi"": true, ""htf_bias"": ""bearish"", ""htf_inside_poi"": true, ""htf_location"": ""premium"", ""htf_mode"": ""aligned_only"", ""htf_objective"": ""down"", ""model_family"": ""ict"", ""pre_model_allowed_directions"": ""short"", ""pre_model_filter_pass"": true, ""pre_model_reasons"": """", ""risk"": 406.67063999999664, ""risk_bps"": 37.18872790188094, ""stop_loss"": 109759.87064, ""stop_mode"": ""sweep_extreme"", ""sweep_extreme"": 109738.0, ""sweep_level_age_bars"": 39, ""sweep_liquidity_quality"": ""strong"", ""sweep_swing_significance"": ""long"", ""swept_level"": 109440.2, ""target_mode"": ""opposite_range"", ""turtle_quality"": ""strong"", ""turtle_quality_filters"": {""close_back_fraction"": 0.148287, ""min_close_back_fraction"": 0.05, ""min_wick_atr_ratio"": 0.0, ""min_wick_fraction"": 0.1, ""passed"": true, ""quality"": ""strong"", ""wick_atr_ratio"": 0.480175, ""wick_extension"": 297.8000000000029, ""wick_fraction"": 0.507585}, ""wick_extension_bps"": 27.211207581857757}",0.29335778948783686,2.0771108531464284,True,False,False,False,False
turtle_soup,ict,short,BTCUSDT,1h,1748246400000,1748246400000,1748250000000,1748246400000,close,sweep_extreme,opposite_range,109619.9,109619.9,109619.9,110160.72398000001,110160.72398000001,106497.0,540.8239800000156,49.33629569083858,conservative,False,True,False,,,aligned_only,bearish,premium,,,,,,,,,80,high,40,5,15,0,0,0,0,20,,True,short,,True,True,109856.0,110138.8,medium,7,,,strong,,,,,,,,,,,,,,,,,5.774337151248183,1,,,,"{""close_back_distance_bps"": 21.491771045733127, ""entry_mode"": ""close"", ""entry_price"": 109619.9, ""htf_approaching_poi"": true, ""htf_bias"": ""bearish"", ""htf_inside_poi"": true, ""htf_location"": ""premium"", ""htf_mode"": ""aligned_only"", ""htf_objective"": ""down"", ""model_family"": ""ict"", ""pre_model_allowed_directions"": ""short"", ""pre_model_filter_pass"": true, ""pre_model_reasons"": """", ""risk"": 540.8239800000156, ""risk_bps"": 49.33629569083858, ""stop_loss"": 110160.72398000001, ""stop_mode"": ""sweep_extreme"", ""sweep_extreme"": 110138.8, ""sweep_level_age_bars"": 7, ""sweep_liquidity_quality"": ""medium"", ""sweep_swing_significance"": ""intermediate"", ""swept_level"": 109856.0, ""target_mode"": ""opposite_range"", ""turtle_quality"": ""strong"", ""turtle_quality_filters"": {""close_back_fraction"": 0.401667, ""min_close_back_fraction"": 0.05, ""min_wick_atr_ratio"": 0.0, ""min_wick_fraction"": 0.1, ""passed"": true, ""quality"": ""strong"", ""wick_atr_ratio"": 0.473345, ""wick_extension"": 282.8000000000029, ""wick_fraction"": 0.481116}, ""wick_extension_bps"": 25.742790562190766}",0.38274930042856836,0.7919397361041398,False,False,False,False,False
turtle_soup,ict,short,BTCUSDT,1h,1748250000000,1748250000000,1748253600000,1748250000000,close,sweep_extreme,opposite_range,109663.2,109663.2,109663.2,109960.93264,109960.93264,106497.0,297.732640000002,27.149731176912766,conservative,False,True,False,,,aligned_only,bearish,premium,,,,,,,,,80,high,40,5,15,0,0,0,0,20,,True,short,,True,True,109856.0,109939.0,medium,8,,,valid,,,,,,,,,,,,,,,,,10.634373174536645,1,3,,,"{""close_back_distance_bps"": 17.550247596854327, ""entry_mode"": ""close"", ""entry_price"": 109663.2, ""htf_approaching_poi"": true, ""htf_bias"": ""bearish"", ""htf_inside_poi"": true, ""htf_location"": ""premium"", ""htf_mode"": ""aligned_only"", ""htf_objective"": ""down"", ""model_family"": ""ict"", ""pre_model_allowed_directions"": ""short"", ""pre_model_filter_pass"": true, ""pre_model_reasons"": """", ""risk"": 297.732640000002, ""risk_bps"": 27.149731176912766, ""stop_loss"": 109960.93264, ""stop_mode"": ""sweep_extreme"", ""sweep_extreme"": 109939.0, ""sweep_level_age_bars"": 8, ""sweep_liquidity_quality"": ""medium"", ""sweep_swing_significance"": ""intermediate"", ""swept_level"": 109856.0, ""target_mode"": ""opposite_range"", ""turtle_quality"": ""valid"", ""turtle_quality_filters"": {""close_back_fraction"": 0.490086, ""min_close_back_fraction"": 0.05, ""min_wick_atr_ratio"": 0.0, ""min_wick_fraction"": 0.1, ""passed"": true, ""quality"": ""valid"", ""wick_atr_ratio"": 0.138069, ""wick_extension"": 83.0, ""wick_fraction"": 0.210981}, ""wick_extension_bps"": 7.555345179143606}",0.8406871346050646,1.293106459540336,True,False,False,False,False
turtle_soup,ict,short,BTCUSDT,1h,1748260800000,1748260800000,1748264400000,1748260800000,close,sweep_extreme,opposite_range,109781.5,109781.5,109781.5,110070.1563,110070.1563,106497.0,288.6563000000024,26.29371068895965,conservative,False,True,False,,,aligned_only,bearish,premium,,,,,,,,,80,high,40,5,15,0,0,0,0,20,,True,short,,True,True,109856.0,110048.2,medium,11,,,strong,,,,,,,,,,,,,,,,,11.378584150077351,1,3,1,,"{""close_back_distance_bps"": 6.781605010195165, ""entry_mode"": ""close"", ""entry_price"": 109781.5, ""htf_approaching_poi"": true, ""htf_bias"": ""bearish"", ""htf_inside_poi"": true, ""htf_location"": ""premium"", ""htf_mode"": ""aligned_only"", ""htf_objective"": ""down"", ""model_family"": ""ict"", ""pre_model_allowed_directions"": ""short"", ""pre_model_filter_pass"": true, ""pre_model_reasons"": """", ""risk"": 288.6563000000024, ""risk_bps"": 26.29371068895965, ""stop_loss"": 110070.1563, ""stop_mode"": ""sweep_extreme"", ""sweep_extreme"": 110048.2, ""sweep_level_age_bars"": 11, ""sweep_liquidity_quality"": ""medium"", ""sweep_swing_significance"": ""intermediate"", ""swept_level"": 109856.0, ""target_mode"": ""opposite_range"", ""turtle_quality"": ""strong"", ""turtle_quality_filters"": {""close_back_fraction"": 0.169549, ""min_close_back_fraction"": 0.05, ""min_wick_atr_ratio"": 0.0, ""min_wick_fraction"": 0.1, ""passed"": true, ""quality"": ""strong"", ""wick_atr_ratio"": 0.321878, ""wick_extension"": 192.1999999999971, ""wick_fraction"": 0.437415}, ""wick_extension_bps"": 17.495630643751557}",3.227021201338728,2.1426866484465954,True,False,False,True,False
turtle_soup,ict,short,BTCUSDT,1h,1748264400000,1748264400000,1748268000000,1748264400000,close,sweep_extreme,opposite_range,109549.2,109549.2,109549.2,109957.10983999999,109957.10983999999,106497.0,407.909839999993,37.23530979687602,conservative,False,True,False,,,aligned_only,bearish,premium,,,,,,,,,80,high,40,5,15,0,0,0,0,20,,True,short,,True,True,109856.0,109935.2,medium,12,,,valid,,,,,,,,,,,,,,,,,7.482535846647018,1,2,,,"{""close_back_distance_bps"": 27.927468686280484, ""entry_mode"": ""close"", ""entry_price"": 109549.2, ""htf_approaching_poi"": true, ""htf_bias"": ""bearish"", ""htf_inside_poi"": true, ""htf_location"": ""premium"", ""htf_mode"": ""aligned_only"", ""htf_objective"": ""down"", ""model_family"": ""ict"", ""pre_model_allowed_directions"": ""short"", ""pre_model_filter_pass"": true, ""pre_model_reasons"": """", ""risk"": 407.909839999993, ""risk_bps"": 37.23530979687602, ""stop_loss"": 109957.10983999999, ""stop_mode"": ""sweep_extreme"", ""sweep_extreme"": 109935.2, ""sweep_level_age_bars"": 12, ""sweep_liquidity_quality"": ""medium"", ""sweep_swing_significance"": ""intermediate"", ""swept_level"": 109856.0, ""target_mode"": ""opposite_range"", ""turtle_quality"": ""valid"", ""turtle_quality_filters"": {""close_back_fraction"": 0.587402, ""min_close_back_fraction"": 0.05, ""min_wick_atr_ratio"": 0.0, ""min_wick_fraction"": 0.1, ""passed"": true, ""quality"": ""valid"", ""wick_atr_ratio"": 0.13954, ""wick_extension"": 79.19999999999709, ""wick_fraction"": 0.151637}, ""wick_extension_bps"": 7.209437809495802}",1.7141042736306855,2.0857550286112674,True,False,False,False,False
turtle_soup,ict,short,BTCUSDT,1h,1748271600000,1748271600000,1748275200000,1748271600000,close,sweep_extreme,opposite_range,109963.2,109963.2,109963.2,110421.99264,110421.99264,106497.0,458.79263999999966,41.72237985071366,conservative,False,True,False,,,aligned_only,bearish,premium,,,,,,,,,80,high,40,5,15,0,0,0,0,20,,True,short,,True,True,110197.9,110400.0,medium,8,,,valid,,,,,,,,,,,,,,,,,7.555047090554895,1,,1,1,"{""close_back_distance_bps"": 21.298046514497745, ""entry_mode"": ""close"", ""entry_price"": 109963.2, ""htf_approaching_poi"": true, ""htf_bias"": ""bearish"", ""htf_inside_poi"": true, ""htf_location"": ""premium"", ""htf_mode"": ""aligned_only"", ""htf_objective"": ""down"", ""model_family"": ""ict"", ""pre_model_allowed_directions"": ""short"", ""pre_model_filter_pass"": true, ""pre_model_reasons"": """", ""risk"": 458.79263999999966, ""risk_bps"": 41.72237985071366, ""stop_loss"": 110421.99264, ""stop_mode"": ""sweep_extreme"", ""sweep_extreme"": 110400.0, ""sweep_level_age_bars"": 8, ""sweep_liquidity_quality"": ""medium"", ""sweep_swing_significance"": ""intermediate"", ""swept_level"": 110197.9, ""target_mode"": ""opposite_range"", ""turtle_quality"": ""valid"", ""turtle_quality_filters"": {""close_back_fraction"": 0.256783, ""min_close_back_fraction"": 0.05, ""min_wick_atr_ratio"": 0.0, ""min_wick_fraction"": 0.1, ""passed"": true, ""quality"": ""valid"", ""wick_atr_ratio"": 0.35395, ""wick_extension"": 202.10000000000582, ""wick_fraction"": 0.221116}, ""wick_extension_bps"": 18.339732426843508}",2.5200927373202804,0.9405120361128729,False,False,False,True,True
turtle_soup,ict,short,BTCUSDT,1h,1748275200000,1748275200000,1748278800000,1748275200000,close,sweep_extreme,opposite_range,109347.1,109347.1,109347.1,110416.56942,110416.56942,106497.0,1069.469419999994,97.80500991795795,conservative,False,True,False,,,aligned_only,bearish,premium,,,,,,,,,70,high,40,5,15,0,0,0,0,10,target_rr_below_3,True,short,,True,True,110197.9,110394.7,medium,9,,,valid,,,,,,,,,,,,,,,,,2.6649663344277967,1,,,,"{""close_back_distance_bps"": 77.20655293794059, ""entry_mode"": ""close"", ""entry_price"": 109347.1, ""htf_approaching_poi"": true, ""htf_bias"": ""bearish"", ""htf_inside_poi"": true, ""htf_location"": ""premium"", ""htf_mode"": ""aligned_only"", ""htf_objective"": ""down"", ""model_family"": ""ict"", ""pre_model_allowed_directions"": ""short"", ""pre_model_filter_pass"": true, ""pre_model_reasons"": """", ""risk"": 1069.469419999994, ""risk_bps"": 97.80500991795795, ""stop_loss"": 110416.56942, ""stop_mode"": ""sweep_extreme"", ""sweep_extreme"": 110394.7, ""sweep_level_age_bars"": 9, ""sweep_liquidity_quality"": ""medium"", ""sweep_swing_significance"": ""intermediate"", ""swept_level"": 110197.9, ""target_mode"": ""opposite_range"", ""turtle_quality"": ""valid"", ""turtle_quality_filters"": {""close_back_fraction"": 0.629104, ""min_close_back_fraction"": 0.05, ""min_wick_atr_ratio"": 0.0, ""min_wick_fraction"": 0.1, ""passed"": true, ""quality"": ""valid"", ""wick_atr_ratio"": 0.347998, ""wick_extension"": 196.8000000000029, ""wick_fraction"": 0.145519}, ""wick_extension_bps"": 17.858779523022026}",0.5050167773848165,0.2947255845800611,False,False,False,False,False
turtle_soup,ict,short,BTCUSDT,1h,1748343600000,1748343600000,1748347200000,1748343600000,close,sweep_extreme,opposite_range,109541.8,109541.8,109541.8,109751.70836,109751.70836,106497.0,209.90836000000127,19.162398280839028,conservative,False,True,False,,,aligned_only,bearish,premium,,,,,,,,,80,high,40,5,15,0,0,0,0,20,,True,short,,True,True,109633.8,109729.8,medium,11,,,strong,,,,,,,,,,,,,,,,,14.505377489491055,1,1,,,"{""close_back_distance_bps"": 8.391572671931467, ""entry_mode"": ""close"", ""entry_price"": 109541.8, ""htf_approaching_poi"": true, ""htf_bias"": ""bearish"", ""htf_inside_poi"": true, ""htf_location"": ""premium"", ""htf_mode"": ""aligned_only"", ""htf_objective"": ""down"", ""model_family"": ""ict"", ""pre_model_allowed_directions"": ""short"", ""pre_model_filter_pass"": true, ""pre_model_reasons"": """", ""risk"": 209.90836000000127, ""risk_bps"": 19.162398280839028, ""stop_loss"": 109751.70836, ""stop_mode"": ""sweep_extreme"", ""sweep_extreme"": 109729.8, ""sweep_level_age_bars"": 11, ""sweep_liquidity_quality"": ""medium"", ""sweep_swing_significance"": ""intermediate"", ""swept_level"": 109633.8, ""target_mode"": ""opposite_range"", ""turtle_quality"": ""strong"", ""turtle_quality_filters"": {""close_back_fraction"": 0.269874, ""min_close_back_fraction"": 0.05, ""min_wick_atr_ratio"": 0.0, ""min_wick_fraction"": 0.1, ""passed"": true, ""quality"": ""strong"", ""wick_atr_ratio"": 0.140609, ""wick_extension"": 96.0, ""wick_fraction"": 0.281608}, ""wick_extension_bps"": 8.756423657667616}",4.441938377299518,5.517645890806779,True,False,False,False,False
turtle_soup,ict,short,BTCUSDT,1h,1748347200000,1748347200000,1748350800000,1748347200000,close,sweep_extreme,opposite_range,109550.6,109550.6,109550.6,109801.61012,109801.61012,106497.0,251.01011999999173,22.912710656079632,conservative,False,True,False,,,aligned_only,bearish,premium,,,,,,,,,80,high,40,5,15,0,0,0,0,20,,True,short,,True,True,109633.8,109779.7,medium,12,,,strong,,,,,,,,,,,,,,,,,12.165246564561247,1,1,,,"{""close_back_distance_bps"": 7.5889005033116685, ""entry_mode"": ""close"", ""entry_price"": 109550.6, ""htf_approaching_poi"": true, ""htf_bias"": ""bearish"", ""htf_inside_poi"": true, ""htf_location"": ""premium"", ""htf_mode"": ""aligned_only"", ""htf_objective"": ""down"", ""model_family"": ""ict"", ""pre_model_allowed_directions"": ""short"", ""pre_model_filter_pass"": true, ""pre_model_reasons"": """", ""risk"": 251.01011999999173, ""risk_bps"": 22.912710656079632, ""stop_loss"": 109801.61012, ""stop_mode"": ""sweep_extreme"", ""sweep_extreme"": 109779.7, ""sweep_level_age_bars"": 12, ""sweep_liquidity_quality"": ""medium"", ""sweep_swing_significance"": ""intermediate"", ""swept_level"": 109633.8, ""target_mode"": ""opposite_range"", ""turtle_quality"": ""strong"", ""turtle_quality_filters"": {""close_back_fraction"": 0.212897, ""min_close_back_fraction"": 0.05, ""min_wick_atr_ratio"": 0.0, ""min_wick_fraction"": 0.1, ""passed"": true, ""quality"": ""strong"", ""wick_atr_ratio"": 0.213709, ""wick_extension"": 145.89999999999418, ""wick_fraction"": 0.373337}, ""wick_extension_bps"": 13.307939704725564}",3.749649615720843,4.579098245122675,True,False,False,False,False
turtle_soup,ict,short,BTCUSDT,1h,1748350800000,1748350800000,1748354400000,1748350800000,close,sweep_extreme,opposite_range,109791.6,109791.6,109791.6,110721.95832,110721.95832,106497.0,930.3583199999994,84.73857016383761,conservative,False,True,False,,,aligned_only,bearish,premium,,,,,,,,,80,high,40,5,15,0,0,0,0,20,,True,short,,True,True,109863.2,110700.0,strong,15,,,valid,,,,,,,,,,,,,,,,,3.541216248810467,1,,1,,"{""close_back_distance_bps"": 6.517195930938774, ""entry_mode"": ""close"", ""entry_price"": 109791.6, ""htf_approaching_poi"": true, ""htf_bias"": ""bearish"", ""htf_inside_poi"": true, ""htf_location"": ""premium"", ""htf_mode"": ""aligned_only"", ""htf_objective"": ""down"", ""model_family"": ""ict"", ""pre_model_allowed_directions"": ""short"", ""pre_model_filter_pass"": true, ""pre_model_reasons"": """", ""risk"": 930.3583199999994, ""risk_bps"": 84.73857016383761, ""stop_loss"": 110721.95832, ""stop_mode"": ""sweep_extreme"", ""sweep_extreme"": 110700.0, ""sweep_level_age_bars"": 15, ""sweep_liquidity_quality"": ""strong"", ""sweep_swing_significance"": ""long"", ""swept_level"": 109863.2, ""target_mode"": ""opposite_range"", ""turtle_quality"": ""valid"", ""turtle_quality_filters"": {""close_back_fraction"": 0.060998, ""min_close_back_fraction"": 0.05, ""min_wick_atr_ratio"": 0.0, ""min_wick_fraction"": 0.1, ""passed"": true, ""quality"": ""valid"", ""wick_atr_ratio"": 1.279413, ""wick_extension"": 836.8000000000029, ""wick_fraction"": 0.712898}, ""wick_extension_bps"": 76.16745188561802}",1.270693209902194,0.7181104157804401,False,False,False,True,False
turtle_soup,ict,short,BTCUSDT,1h,1748354400000,1748354400000,1748358000000,1748354400000,close,sweep_extreme,opposite_range,109334.8,109334.8,109334.8,110207.36696,110207.36696,106497.0,872.5669599999965,79.80688307839742,conservative,False,True,False,,,aligned_only,bearish,premium,,,,,,,,,80,high,40,5,15,0,0,0,0,20,,True,short,,True,True,109861.5,110185.5,weak,5,,,valid,,,,,,,,,,,,,,,,,3.2522432433151196,1,2,,,"{""close_back_distance_bps"": 47.94218174701757, ""entry_mode"": ""close"", ""entry_price"": 109334.8, ""htf_approaching_poi"": true, ""htf_bias"": ""bearish"", ""htf_inside_poi"": true, ""htf_location"": ""premium"", ""htf_mode"": ""aligned_only"", ""htf_objective"": ""down"", ""model_family"": ""ict"", ""pre_model_allowed_directions"": ""short"", ""pre_model_filter_pass"": true, ""pre_model_reasons"": """", ""risk"": 872.5669599999965, ""risk_bps"": 79.80688307839742, ""stop_loss"": 110207.36696, ""stop_mode"": ""sweep_extreme"", ""sweep_extreme"": 110185.5, ""sweep_level_age_bars"": 5, ""sweep_liquidity_quality"": ""weak"", ""sweep_swing_significance"": ""short"", ""swept_level"": 109861.5, ""target_mode"": ""opposite_range"", ""turtle_quality"": ""valid"", ""turtle_quality_filters"": {""close_back_fraction"": 0.334179, ""min_close_back_fraction"": 0.05, ""min_wick_atr_ratio"": 0.0, ""min_wick_fraction"": 0.1, ""passed"": true, ""quality"": ""valid"", ""wick_atr_ratio"": 0.53468, ""wick_extension"": 324.0, ""wick_fraction"": 0.205571}, ""wick_extension_bps"": 29.49167815840854}",0.4358404769302799,1.2891847291582055,True,False,False,False,False
turtle_soup,ict,short,BTCUSDT,1h,1748361600000,1748361600000,1748365200000,1748361600000,close,sweep_extreme,opposite_range,110169.9,110169.9,110169.9,110481.73397999999,110481.73397999999,106497.0,311.8339799999958,28.304825546723364,conservative,False,True,False,,,aligned_only,bearish,premium,,,,,,,,,80,high,40,5,15,0,0,0,0,20,,True,short,,True,True,110400.0,110459.7,strong,25,,,valid,,,,,,,,,,,,,,,,,11.778382843332352,1,,2,3,"{""close_back_distance_bps"": 20.84239130434835, ""entry_mode"": ""close"", ""entry_price"": 110169.9, ""htf_approaching_poi"": true, ""htf_bias"": ""bearish"", ""htf_inside_poi"": true, ""htf_location"": ""premium"", ""htf_mode"": ""aligned_only"", ""htf_objective"": ""down"", ""model_family"": ""ict"", ""pre_model_allowed_directions"": ""short"", ""pre_model_filter_pass"": true, ""pre_model_reasons"": """", ""risk"": 311.8339799999958, ""risk_bps"": 28.304825546723364, ""stop_loss"": 110481.73397999999, ""stop_mode"": ""sweep_extreme"", ""sweep_extreme"": 110459.7, ""sweep_level_age_bars"": 25, ""sweep_liquidity_quality"": ""strong"", ""sweep_swing_significance"": ""long"", ""swept_level"": 110400.0, ""target_mode"": ""opposite_range"", ""turtle_quality"": ""valid"", ""turtle_quality_filters"": {""close_back_fraction"": 0.411849, ""min_close_back_fraction"": 0.05, ""min_wick_atr_ratio"": 0.0, ""min_wick_fraction"": 0.1, ""passed"": true, ""quality"": ""valid"", ""wick_atr_ratio"": 0.087916, ""wick_extension"": 59.69999999999709, ""wick_fraction"": 0.106855}, ""wick_extension_bps"": 5.407608695651911}",4.4889270887028,0.7641886878396195,False,False,False,True,True
turtle_soup,ict,short,BTCUSDT,1h,1748372400000,1748372400000,1748376000000,1748372400000,close,sweep_extreme,opposite_range,109822.8,109822.8,109822.8,110038.06456,110038.06456,107118.8,215.26455999999598,19.601081014142416,conservative,False,True,False,,,aligned_only,bearish,premium,,,,,,,,,80,high,40,5,15,0,0,0,0,20,,True,short,,True,True,109861.5,110016.1,weak,10,,,valid,,,,,,,,,,,,,,,,,12.561287375869258,1,,1,2,"{""close_back_distance_bps"": 3.5226171133652, ""entry_mode"": ""close"", ""entry_price"": 109822.8, ""htf_approaching_poi"": true, ""htf_bias"": ""bearish"", ""htf_inside_poi"": true, ""htf_location"": ""premium"", ""htf_mode"": ""aligned_only"", ""htf_objective"": ""down"", ""model_family"": ""ict"", ""pre_model_allowed_directions"": ""short"", ""pre_model_filter_pass"": true, ""pre_model_reasons"": """", ""risk"": 215.26455999999598, ""risk_bps"": 19.601081014142416, ""stop_loss"": 110038.06456, ""stop_mode"": ""sweep_extreme"", ""sweep_extreme"": 110016.1, ""sweep_level_age_bars"": 10, ""sweep_liquidity_quality"": ""weak"", ""sweep_swing_significance"": ""short"", ""swept_level"": 109861.5, ""target_mode"": ""opposite_range"", ""turtle_quality"": ""valid"", ""turtle_quality_filters"": {""close_back_fraction"": 0.0774, ""min_close_back_fraction"": 0.05, ""min_wick_atr_ratio"": 0.0, ""min_wick_fraction"": 0.1, ""passed"": true, ""quality"": ""valid"", ""wick_atr_ratio"": 0.216518, ""wick_extension"": 154.60000000000582, ""wick_fraction"": 0.3092}, ""wick_extension_bps"": 14.072263713858431}",5.9893741914601595,0.1616615387131238,False,False,False,True,True
turtle_soup,ict,short,BTCUSDT,1h,1748376000000,1748376000000,1748379600000,1748376000000,close,sweep_extreme,opposite_range,109493.5,109493.5,109493.5,109879.49870000001,109879.49870000001,107118.8,385.998700000011,35.25311548174193,conservative,False,True,False,,,aligned_only,bearish,premium,,,,,,,,,80,high,40,5,15,0,0,0,0,20,,True,short,,True,True,109633.8,109857.6,medium,20,,,strong,,,,,,,,,,,,,,,,,6.152093258344988,1,,1,2,"{""close_back_distance_bps"": 12.797148324695751, ""entry_mode"": ""close"", ""entry_price"": 109493.5, ""htf_approaching_poi"": true, ""htf_bias"": ""bearish"", ""htf_inside_poi"": true, ""htf_location"": ""premium"", ""htf_mode"": ""aligned_only"", ""htf_objective"": ""down"", ""model_family"": ""ict"", ""pre_model_allowed_directions"": ""short"", ""pre_model_filter_pass"": true, ""pre_model_reasons"": """", ""risk"": 385.998700000011, ""risk_bps"": 35.25311548174193, ""stop_loss"": 109879.49870000001, ""stop_mode"": ""sweep_extreme"", ""sweep_extreme"": 109857.6, ""sweep_level_age_bars"": 20, ""sweep_liquidity_quality"": ""medium"", ""sweep_swing_significance"": ""intermediate"", ""swept_level"": 109633.8, ""target_mode"": ""opposite_range"", ""turtle_quality"": ""strong"", ""turtle_quality_filters"": {""close_back_fraction"": 0.385228, ""min_close_back_fraction"": 0.05, ""min_wick_atr_ratio"": 0.0, ""min_wick_fraction"": 0.1, ""passed"": true, ""quality"": ""strong"", ""wick_atr_ratio"": 0.315665, ""wick_extension"": 223.8000000000029, ""wick_fraction"": 0.614498}, ""wick_extension_bps"": 20.413412651937897}",2.487055008216278,0.3616592491114655,False,False,False,True,True
turtle_soup,ict,short,BTCUSDT,1h,1748379600000,1748379600000,1748383200000,1748379600000,close,sweep_extreme,opposite_range,108873.7,108873.7,108873.7,109654.87474,109654.87474,107118.8,781.1747400000022,71.75054581593187,conservative,False,True,False,,,aligned_only,bearish,premium,,,,,,,,,70,high,40,5,15,0,0,0,0,10,target_rr_below_3,True,short,,True,True,109319.5,109633.1,medium,17,,,strong,,,,,,,,,,,,,,,,,2.246488410518739,1,,,,"{""close_back_distance_bps"": 40.779549851582104, ""entry_mode"": ""close"", ""entry_price"": 108873.7, ""htf_approaching_poi"": true, ""htf_bias"": ""bearish"", ""htf_inside_poi"": true, ""htf_location"": ""premium"", ""htf_mode"": ""aligned_only"", ""htf_objective"": ""down"", ""model_family"": ""ict"", ""pre_model_allowed_directions"": ""short"", ""pre_model_filter_pass"": true, ""pre_model_reasons"": """", ""risk"": 781.1747400000022, ""risk_bps"": 71.75054581593187, ""stop_loss"": 109654.87474, ""stop_mode"": ""sweep_extreme"", ""sweep_extreme"": 109633.1, ""sweep_level_age_bars"": 17, ""sweep_liquidity_quality"": ""medium"", ""sweep_swing_significance"": ""intermediate"", ""swept_level"": 109319.5, ""target_mode"": ""opposite_range"", ""turtle_quality"": ""strong"", ""turtle_quality_filters"": {""close_back_fraction"": 0.51657, ""min_close_back_fraction"": 0.05, ""min_wick_atr_ratio"": 0.0, ""min_wick_fraction"": 0.1, ""passed"": true, ""quality"": ""strong"", ""wick_atr_ratio"": 0.439585, ""wick_extension"": 313.6000000000058, ""wick_fraction"": 0.363384}, ""wick_extension_bps"": 28.68655637832279}",0.6842259133980683,0.4850387251385108,False,False,False,False,False
ifvg_retest,ict,short,BTCUSDT,1h,1748379600000,1748379600000,1748394000000,1748390400000,edge,ce,nearest_liquidity,109233.1,109233.1,109233.1,109358.49661999999,109358.49661999999,108807.0,125.39661999998498,11.479727298775277,conservative,False,True,False,,,aligned_only,bearish,premium,IFVG,swing_low,aligned,0.8,False,,,,100,high,40,12,15,10,15,0,0,20,,True,short,,True,True,,,,,valid,valid,,,,,109233.1,109440.2,109336.65,,,,,,,,,3,1748390400000,3.398018224096127,3,,1,1,"{""breach_close"": 108873.7, ""breach_displacement_factor"": 0.6707118177277904, ""breach_displacement_grade"": ""valid"", ""breach_time"": 1748379600000, ""dealing_range_source"": ""long_swing_pair"", ""displacement_grade"": ""valid"", ""entry_mode"": ""edge"", ""entry_price"": 109233.1, ""entry_time"": 1748390400000, ""has_smt_confirmation"": false, ""htf_allows_long"": false, ""htf_allows_short"": true, ""htf_approaching_poi"": true, ""htf_bias"": ""bearish"", ""htf_confidence"": 0.55, ""htf_context_alignment"": ""aligned"", ""htf_draw_direction"": ""down"", ""htf_inside_poi"": true, ""htf_location"": ""premium"", ""htf_mode"": ""aligned_only"", ""htf_objective"": ""down"", ""htf_objective_level"": 102038.8, ""htf_objective_quality"": ""strong"", ""htf_objective_reached"": false, ""htf_objective_type"": ""swing_low"", ""htf_objective_unreached"": true, ""htf_poi_direction"": ""bearish"", ""htf_reason"": ""HTF bearish premium bearish IFVG; swing_low down"", ""htf_score_modifier"": 0.8, ""htf_structure_bias"": ""bearish"", ""htf_zone_high"": 109153.4, ""htf_zone_low"": 107292.5, ""htf_zone_type"": ""IFVG"", ""ifvg_ce"": 109336.65, ""ifvg_high"": 109440.2, ""ifvg_low"": 109233.1, ""model_family"": ""ict"", ""objective_is_equal_high_low"": false, ""objective_liquidity_quality"": ""strong"", ""objective_type"": ""swing_low"", ""objective_unreached"": true, ""pre_model_allowed_directions"": ""short"", ""pre_model_filter_pass"": true, ""pre_model_reasons"": """", ""retest_depth"": 0.009174311926577786, ""retest_time"": 1748390400000, ""risk"": 125.39661999998498, ""risk_bps"": 11.479727298775277, ""source_fvg_direction"": ""bullish"", ""source_fvg_time"": 1748332800000, ""stop_loss"": 109358.49661999999, ""stop_mode"": ""ce"", ""target_mode"": ""nearest_liquidity"", ""time_to_retest_bars"": 3}",7.128581296689782,0.15550658382979013,False,True,True,True,True
turtle_soup,ict,short,BTCUSDT,1h,1748473200000,1748473200000,1748476800000,1748473200000,close,sweep_extreme,opposite_range,107723.1,107723.1,107723.1,108020.54462,108020.54462,106723.9,297.44461999999476,27.611962522429703,conservative,False,True,False,,,aligned_only,bearish,premium,,,,,,,,,80,high,40,5,15,0,0,0,0,20,,True,short,,True,True,107793.0,107999.0,weak,6,,,valid,,,,,,,,,,,,,,,,,3.3592807965396356,1,1,,,"{""close_back_distance_bps"": 6.484651136900743, ""entry_mode"": ""close"", ""entry_price"": 107723.1, ""htf_approaching_poi"": true, ""htf_bias"": ""bearish"", ""htf_inside_poi"": true, ""htf_location"": ""premium"", ""htf_mode"": ""aligned_only"", ""htf_objective"": ""down"", ""model_family"": ""ict"", ""pre_model_allowed_directions"": ""short"", ""pre_model_filter_pass"": true, ""pre_model_reasons"": """", ""risk"": 297.44461999999476, ""risk_bps"": 27.611962522429703, ""stop_loss"": 108020.54462, ""stop_mode"": ""sweep_extreme"", ""sweep_extreme"": 107999.0, ""sweep_level_age_bars"": 6, ""sweep_liquidity_quality"": ""weak"", ""sweep_swing_significance"": ""short"", ""swept_level"": 107793.0, ""target_mode"": ""opposite_range"", ""turtle_quality"": ""valid"", ""turtle_quality_filters"": {""close_back_fraction"": 0.10734, ""min_close_back_fraction"": 0.05, ""min_wick_atr_ratio"": 0.0, ""min_wick_fraction"": 0.1, ""passed"": true, ""quality"": ""valid"", ""wick_atr_ratio"": 0.397933, ""wick_extension"": 206.0, ""wick_fraction"": 0.316339}, ""wick_extension_bps"": 19.110702921339975}",2.8432183443090233,2.4438162640158256,True,False,False,False,False
turtle_soup,ict,short,BTCUSDT,1h,1748520000000,1748520000000,1748523600000,1748520000000,close,sweep_extreme,opposite_range,108388.9,108388.9,108388.9,108794.57777999999,108794.57777999999,106723.9,405.67777999999817,37.427982016608546,conservative,False,True,False,,,aligned_only,bearish,premium,,,,,,,,,80,high,40,5,15,0,0,0,0,20,,True,short,,True,True,108450.0,108772.9,weak,10,,,strong,,,,,,,,,,,,,,,,,4.104242534555399,1,,1,1,"{""close_back_distance_bps"": 5.6339326878751335, ""entry_mode"": ""close"", ""entry_price"": 108388.9, ""htf_approaching_poi"": true, ""htf_bias"": ""bearish"", ""htf_inside_poi"": true, ""htf_location"": ""premium"", ""htf_mode"": ""aligned_only"", ""htf_objective"": ""down"", ""model_family"": ""ict"", ""pre_model_allowed_directions"": ""short"", ""pre_model_filter_pass"": true, ""pre_model_reasons"": """", ""risk"": 405.67777999999817, ""risk_bps"": 37.427982016608546, ""stop_loss"": 108794.57777999999, ""stop_mode"": ""sweep_extreme"", ""sweep_extreme"": 108772.9, ""sweep_level_age_bars"": 10, ""sweep_liquidity_quality"": ""weak"", ""sweep_swing_significance"": ""short"", ""swept_level"": 108450.0, ""target_mode"": ""opposite_range"", ""turtle_quality"": ""strong"", ""turtle_quality_filters"": {""close_back_fraction"": 0.132711, ""min_close_back_fraction"": 0.05, ""min_wick_atr_ratio"": 0.0, ""min_wick_fraction"": 0.1, ""passed"": true, ""quality"": ""strong"", ""wick_atr_ratio"": 0.579349, ""wick_extension"": 322.8999999999942, ""wick_fraction"": 0.701347}, ""wick_extension_bps"": 29.7740894421387}",5.765413131574534,0.39292267868358344,False,True,True,True,True
turtle_soup,ict,short,BTCUSDT,1h,1748530800000,1748530800000,1748534400000,1748530800000,close,sweep_extreme,opposite_range,106972.5,106972.5,106972.5,107714.8945,107714.8945,106400.0,742.3944999999949,69.40050012853723,conservative,False,True,False,,,aligned_only,bearish,premium,,,,,,,,,60,medium,40,5,15,0,0,0,0,0,target_rr_below_2,True,short,,True,True,107536.9,107693.5,medium,18,,,valid,,,,,,,,,,,,,,,,,0.7711533423267601,1,,2,,"{""close_back_distance_bps"": 52.48431003683333, ""entry_mode"": ""close"", ""entry_price"": 106972.5, ""htf_approaching_poi"": true, ""htf_bias"": ""bearish"", ""htf_inside_poi"": true, ""htf_location"": ""premium"", ""htf_mode"": ""aligned_only"", ""htf_objective"": ""down"", ""model_family"": ""ict"", ""pre_model_allowed_directions"": ""short"", ""pre_model_filter_pass"": true, ""pre_model_reasons"": """", ""risk"": 742.3944999999949, ""risk_bps"": 69.40050012853723, ""stop_loss"": 107714.8945, ""stop_mode"": ""sweep_extreme"", ""sweep_extreme"": 107693.5, ""sweep_level_age_bars"": 18, ""sweep_liquidity_quality"": ""medium"", ""sweep_swing_significance"": ""intermediate"", ""swept_level"": 107536.9, ""target_mode"": ""opposite_range"", ""turtle_quality"": ""valid"", ""turtle_quality_filters"": {""close_back_fraction"": 0.708244, ""min_close_back_fraction"": 0.05, ""min_wick_atr_ratio"": 0.0, ""min_wick_fraction"": 0.1, ""passed"": true, ""quality"": ""valid"", ""wick_atr_ratio"": 0.271129, ""wick_extension"": 156.60000000000582, ""wick_fraction"": 0.196511}, ""wick_extension_bps"": 14.562443217165999}",1.8756873872314648,0.20016312082054333,False,True,True,True,False
turtle_soup,ict,long,BTCUSDT,1h,1749736800000,1749736800000,1749740400000,1749736800000,close,sweep_extreme,opposite_range,107560.0,107560.0,107560.0,106994.288,106994.288,110367.2,565.7119999999995,52.59501673484562,conservative,False,True,False,,,aligned_only,bullish,premium,,,,,,,,,65,medium,40,5,0,0,0,0,0,20,poor_pd_location,True,long,,True,True,107300.0,107015.8,weak,10,,,strong,,,,,,,,,,,,,,,,,4.962242271685946,1,1,,,"{""close_back_distance_bps"": 24.23112767940354, ""entry_mode"": ""close"", ""entry_price"": 107560.0, ""htf_approaching_poi"": true, ""htf_bias"": ""bullish"", ""htf_inside_poi"": true, ""htf_location"": ""premium"", ""htf_mode"": ""aligned_only"", ""htf_objective"": ""up"", ""model_family"": ""ict"", ""pre_model_allowed_directions"": ""long"", ""pre_model_filter_pass"": true, ""pre_model_reasons"": """", ""risk"": 565.7119999999995, ""risk_bps"": 52.59501673484562, ""stop_loss"": 106994.288, ""stop_mode"": ""sweep_extreme"", ""sweep_extreme"": 107015.8, ""sweep_level_age_bars"": 10, ""sweep_liquidity_quality"": ""weak"", ""sweep_swing_significance"": ""short"", ""swept_level"": 107300.0, ""target_mode"": ""opposite_range"", ""turtle_quality"": ""strong"", ""turtle_quality_filters"": {""close_back_fraction"": 0.395077, ""min_close_back_fraction"": 0.05, ""min_wick_atr_ratio"": 0.0, ""min_wick_fraction"": 0.1, ""passed"": true, ""quality"": ""strong"", ""wick_atr_ratio"": 0.548718, ""wick_extension"": 284.1999999999971, ""wick_fraction"": 0.431849}, ""wick_extension_bps"": 26.486486486486214}",1.482026190004799,1.6598551913341077,True,False,False,False,False
turtle_soup,ict,long,BTCUSDT,1h,1749751200000,1749751200000,1749754800000,1749751200000,close,sweep_extreme,opposite_range,107520.5,107520.5,107520.5,107142.89589999999,107142.89589999999,110367.2,377.6041000000114,35.1192656284161,conservative,False,True,False,,,aligned_only,bullish,premium,,,,,,,,,65,medium,40,5,0,0,0,0,0,20,poor_pd_location,True,long,,True,True,107300.0,107164.4,medium,14,,,valid,,,,,,,,,,,,,,,,,7.538848227548142,1,1,,,"{""close_back_distance_bps"": 20.54986020503262, ""entry_mode"": ""close"", ""entry_price"": 107520.5, ""htf_approaching_poi"": true, ""htf_bias"": ""bullish"", ""htf_inside_poi"": true, ""htf_location"": ""premium"", ""htf_mode"": ""aligned_only"", ""htf_objective"": ""up"", ""model_family"": ""ict"", ""pre_model_allowed_directions"": ""long"", ""pre_model_filter_pass"": true, ""pre_model_reasons"": """", ""risk"": 377.6041000000114, ""risk_bps"": 35.1192656284161, ""stop_loss"": 107142.89589999999, ""stop_mode"": ""sweep_extreme"", ""sweep_extreme"": 107164.4, ""sweep_level_age_bars"": 14, ""sweep_liquidity_quality"": ""medium"", ""sweep_swing_significance"": ""intermediate"", ""swept_level"": 107300.0, ""target_mode"": ""opposite_range"", ""turtle_quality"": ""valid"", ""turtle_quality_filters"": {""close_back_fraction"": 0.183003, ""min_close_back_fraction"": 0.05, ""min_wick_atr_ratio"": 0.0, ""min_wick_fraction"": 0.1, ""passed"": true, ""quality"": ""valid"", ""wick_atr_ratio"": 0.246528, ""wick_extension"": 135.60000000000582, ""wick_fraction"": 0.11254}, ""wick_extension_bps"": 12.637465051258697}",0.8252029043116758,5.080718138388704,True,False,False,False,False
ifvg_retest,ict,long,BTCUSDT,1h,1749736800000,1749736800000,1749754800000,1749740400000,edge,ce,nearest_liquidity,107400.0,107400.0,107400.0,107337.37000000001,107337.37000000001,107951.0,62.629999999990105,5.831471135939488,conservative,False,True,False,,,aligned_only,bullish,premium,FVG,swing_high,aligned,0.65,False,,,,97,high,40,12,0,10,15,0,0,20,poor_pd_location,True,long,,True,True,,,,,valid,valid,,,,,107317.7,107400.0,107358.85,,,,,,,,,1,1749740400000,8.797700782374054,1,1,,,"{""breach_close"": 107560.0, ""breach_displacement_factor"": 0.7462934676498176, ""breach_displacement_grade"": ""valid"", ""breach_time"": 1749736800000, ""dealing_range_source"": ""long_swing_pair"", ""displacement_grade"": ""valid"", ""entry_mode"": ""edge"", ""entry_price"": 107400.0, ""entry_time"": 1749740400000, ""has_smt_confirmation"": false, ""htf_allows_long"": true, ""htf_allows_short"": false, ""htf_approaching_poi"": true, ""htf_bias"": ""bullish"", ""htf_confidence"": 0.7, ""htf_context_alignment"": ""aligned"", ""htf_draw_direction"": ""up"", ""htf_inside_poi"": true, ""htf_location"": ""premium"", ""htf_mode"": ""aligned_only"", ""htf_objective"": ""up"", ""htf_objective_level"": 110653.6, ""htf_objective_quality"": ""strong"", ""htf_objective_reached"": false, ""htf_objective_type"": ""swing_high"", ""htf_objective_unreached"": true, ""htf_poi_direction"": ""bullish"", ""htf_reason"": ""HTF bullish premium bullish FVG; swing_high up"", ""htf_score_modifier"": 0.65, ""htf_structure_bias"": ""bullish"", ""htf_zone_high"": 108282.0, ""htf_zone_low"": 106482.6, ""htf_zone_type"": ""FVG"", ""ifvg_ce"": 107358.85, ""ifvg_high"": 107400.0, ""ifvg_low"": 107317.7, ""model_family"": ""ict"", ""objective_is_equal_high_low"": false, ""objective_liquidity_quality"": ""strong"", ""objective_type"": ""swing_high"", ""objective_unreached"": true, ""pre_model_allowed_directions"": ""long"", ""pre_model_filter_pass"": true, ""pre_model_reasons"": """", ""retest_depth"": 7.289185905224459, ""retest_time"": 1749740400000, ""risk"": 62.629999999990105, ""risk_bps"": 5.831471135939488, ""source_fvg_direction"": ""bearish"", ""source_fvg_time"": 1749726000000, ""stop_loss"": 107337.37000000001, ""stop_mode"": ""ce"", ""target_mode"": ""nearest_liquidity"", ""time_to_retest_bars"": 1}",15.94124221619275,12.43812869232194,True,False,False,False,False
turtle_soup,ict,long,BTCUSDT,1h,1750194000000,1750194000000,1750197600000,1750194000000,close,sweep_extreme,opposite_range,104490.0,104490.0,104490.0,104179.102,104179.102,108900.0,310.89800000000105,29.75385204325783,conservative,False,True,False,,,aligned_only,bullish,discount,,,,,,,,,80,high,40,5,15,0,0,0,0,20,,True,long,,True,True,104399.9,104200.0,strong,48,,,strong,,,,,,,,,,,,,,,,,14.184716530823566,1,1,,,"{""close_back_distance_bps"": 8.630276465782613, ""entry_mode"": ""close"", ""entry_price"": 104490.0, ""htf_approaching_poi"": true, ""htf_bias"": ""bullish"", ""htf_inside_poi"": true, ""htf_location"": ""discount"", ""htf_mode"": ""aligned_only"", ""htf_objective"": ""up"", ""model_family"": ""ict"", ""pre_model_allowed_directions"": ""long"", ""pre_model_filter_pass"": true, ""pre_model_reasons"": """", ""risk"": 310.89800000000105, ""risk_bps"": 29.75385204325783, ""stop_loss"": 104179.102, ""stop_mode"": ""sweep_extreme"", ""sweep_extreme"": 104200.0, ""sweep_level_age_bars"": 48, ""sweep_liquidity_quality"": ""strong"", ""sweep_swing_significance"": ""long"", ""swept_level"": 104399.9, ""target_mode"": ""opposite_range"", ""turtle_quality"": ""strong"", ""turtle_quality_filters"": {""close_back_fraction"": 0.158822, ""min_close_back_fraction"": 0.05, ""min_wick_atr_ratio"": 0.0, ""min_wick_fraction"": 0.1, ""passed"": true, ""quality"": ""strong"", ""wick_atr_ratio"": 0.30038, ""wick_extension"": 199.89999999999418, ""wick_fraction"": 0.352371}, ""wick_extension_bps"": 19.147527919087487}",2.0746354109707936,1.1148350906085103,True,False,False,False,False
ifvg_retest,ict,long,BTCUSDT,1h,1750629600000,1750629600000,1750809600000,1750694400000,edge,ce,nearest_liquidity,100218.4,100218.4,100218.4,99976.15632,99976.15632,100348.7,242.24367999999959,24.171577275230856,conservative,False,False,False,,,aligned_only,bullish,premium,IFVG,swing_high,aligned,0.65,False,,,,82,high,40,12,0,10,20,0,0,0,poor_pd_location;target_rr_below_2,True,long,,True,True,,,,,strong,strong,,,,,99774.0,100218.4,99996.2,,,,,,,,,18,1750694400000,0.5378881298368781,,,,,"{""breach_close"": 100915.3, ""breach_displacement_factor"": 0.9846162250751169, ""breach_displacement_grade"": ""strong"", ""breach_time"": 1750629600000, ""dealing_range_source"": ""long_swing_pair"", ""displacement_grade"": ""strong"", ""entry_mode"": ""edge"", ""entry_price"": 100218.4, ""entry_time"": 1750694400000, ""has_smt_confirmation"": false, ""htf_allows_long"": true, ""htf_allows_short"": false, ""htf_approaching_poi"": true, ""htf_bias"": ""bullish"", ""htf_confidence"": 0.7, ""htf_context_alignment"": ""aligned"", ""htf_draw_direction"": ""up"", ""htf_inside_poi"": true, ""htf_location"": ""premium"", ""htf_mode"": ""aligned_only"", ""htf_objective"": ""up"", ""htf_objective_level"": 106486.2, ""htf_objective_quality"": ""strong"", ""htf_objective_reached"": false, ""htf_objective_type"": ""swing_high"", ""htf_objective_unreached"": true, ""htf_poi_direction"": ""bullish"", ""htf_reason"": ""HTF bullish premium bullish IFVG; swing_high up"", ""htf_score_modifier"": 0.65, ""htf_structure_bias"": ""bullish"", ""htf_zone_high"": 106723.9, ""htf_zone_low"": 106266.0, ""htf_zone_type"": ""IFVG"", ""ifvg_ce"": 99996.2, ""ifvg_high"": 100218.4, ""ifvg_low"": 99774.0, ""model_family"": ""ict"", ""objective_is_equal_high_low"": false, ""objective_liquidity_quality"": ""strong"", ""objective_type"": ""swing_high"", ""objective_unreached"": true, ""pre_model_allowed_directions"": ""long"", ""pre_model_filter_pass"": true, ""pre_model_reasons"": """", ""retest_depth"": 1.509450945094503, ""retest_time"": 1750694400000, ""risk"": 242.24367999999959, ""risk_bps"": 24.171577275230856, ""source_fvg_direction"": ""bearish"", ""source_fvg_time"": 1750604400000, ""stop_loss"": 99976.15632, ""stop_mode"": ""ce"", ""target_mode"": ""nearest_liquidity"", ""time_to_retest_bars"": 18}",,,False,False,False,False,False
turtle_soup,ict,long,BTCUSDT,1h,1750978800000,1750978800000,1750982400000,1750978800000,close,sweep_extreme,opposite_range,106913.7,106913.7,106913.7,106789.61726,106789.61726,108249.9,124.08273999999801,11.60587838602518,conservative,False,True,False,,,aligned_only,bullish,premium,,,,,,,,,65,medium,40,5,0,0,0,0,0,20,poor_pd_location,True,long,,True,True,106859.0,106811.0,strong,30,,,valid,,,,,,,,,,,,,,,,,10.76862100240548,1,1,,,"{""close_back_distance_bps"": 5.118894992466436, ""entry_mode"": ""close"", ""entry_price"": 106913.7, ""htf_approaching_poi"": true, ""htf_bias"": ""bullish"", ""htf_inside_poi"": true, ""htf_location"": ""premium"", ""htf_mode"": ""aligned_only"", ""htf_objective"": ""up"", ""model_family"": ""ict"", ""pre_model_allowed_directions"": ""long"", ""pre_model_filter_pass"": true, ""pre_model_reasons"": """", ""risk"": 124.08273999999801, ""risk_bps"": 11.60587838602518, ""stop_loss"": 106789.61726, ""stop_mode"": ""sweep_extreme"", ""sweep_extreme"": 106811.0, ""sweep_level_age_bars"": 30, ""sweep_liquidity_quality"": ""strong"", ""sweep_swing_significance"": ""long"", ""swept_level"": 106859.0, ""target_mode"": ""opposite_range"", ""turtle_quality"": ""valid"", ""turtle_quality_filters"": {""close_back_fraction"": 0.260476, ""min_close_back_fraction"": 0.05, ""min_wick_atr_ratio"": 0.0, ""min_wick_fraction"": 0.1, ""passed"": true, ""quality"": ""valid"", ""wick_atr_ratio"": 0.098441, ""wick_extension"": 48.0, ""wick_fraction"": 0.228571}, ""wick_extension_bps"": 4.491900541835503}",4.950728844318015,4.581620296263679,True,False,False,False,False
turtle_soup,ict,long,BTCUSDT,1h,1751029200000,1751029200000,1751032800000,1751029200000,close,sweep_extreme,opposite_range,106775.5,106775.5,106775.5,106291.7449,106291.7449,108249.9,483.75509999999485,45.30581453610564,conservative,False,True,False,,,aligned_only,bullish,premium,,,,,,,,,65,medium,40,5,0,0,0,0,0,20,poor_pd_location,True,long,,True,True,106616.8,106313.1,weak,5,,,strong,,,,,,,,,,,,,,,,,3.047823165068461,1,,2,,"{""close_back_distance_bps"": 14.885083776665319, ""entry_mode"": ""close"", ""entry_price"": 106775.5, ""htf_approaching_poi"": true, ""htf_bias"": ""bullish"", ""htf_inside_poi"": true, ""htf_location"": ""premium"", ""htf_mode"": ""aligned_only"", ""htf_objective"": ""up"", ""model_family"": ""ict"", ""pre_model_allowed_directions"": ""long"", ""pre_model_filter_pass"": true, ""pre_model_reasons"": """", ""risk"": 483.75509999999485, ""risk_bps"": 45.30581453610564, ""stop_loss"": 106291.7449, ""stop_mode"": ""sweep_extreme"", ""sweep_extreme"": 106313.1, ""sweep_level_age_bars"": 5, ""sweep_liquidity_quality"": ""weak"", ""sweep_swing_significance"": ""short"", ""swept_level"": 106616.8, ""target_mode"": ""opposite_range"", ""turtle_quality"": ""strong"", ""turtle_quality_filters"": {""close_back_fraction"": 0.254123, ""min_close_back_fraction"": 0.05, ""min_wick_atr_ratio"": 0.0, ""min_wick_fraction"": 0.1, ""passed"": true, ""quality"": ""strong"", ""wick_atr_ratio"": 0.724, ""wick_extension"": 303.6999999999971, ""wick_fraction"": 0.486309}, ""wick_extension_bps"": 28.485191827178934}",1.8281977802404639,0.9548219750034658,False,False,False,True,False
turtle_soup,ict,long,BTCUSDT,1h,1751043600000,1751043600000,1751047200000,1751043600000,close,sweep_extreme,opposite_range,106809.2,106809.2,106809.2,106383.63816,106383.63816,108249.9,425.56183999999485,39.843182047987895,conservative,False,True,False,,,aligned_only,bullish,premium,,,,,,,,,65,medium,40,5,0,0,0,0,0,20,poor_pd_location,True,long,,True,True,106616.8,106405.0,weak,9,,,valid,,,,,,,,,,,,,,,,,3.3854069246434655,1,1,,,"{""close_back_distance_bps"": 18.04593647530166, ""entry_mode"": ""close"", ""entry_price"": 106809.2, ""htf_approaching_poi"": true, ""htf_bias"": ""bullish"", ""htf_inside_poi"": true, ""htf_location"": ""premium"", ""htf_mode"": ""aligned_only"", ""htf_objective"": ""up"", ""model_family"": ""ict"", ""pre_model_allowed_directions"": ""long"", ""pre_model_filter_pass"": true, ""pre_model_reasons"": """", ""risk"": 425.56183999999485, ""risk_bps"": 39.843182047987895, ""stop_loss"": 106383.63816, ""stop_mode"": ""sweep_extreme"", ""sweep_extreme"": 106405.0, ""sweep_level_age_bars"": 9, ""sweep_liquidity_quality"": ""weak"", ""sweep_swing_significance"": ""short"", ""swept_level"": 106616.8, ""target_mode"": ""opposite_range"", ""turtle_quality"": ""valid"", ""turtle_quality_filters"": {""close_back_fraction"": 0.184893, ""min_close_back_fraction"": 0.05, ""min_wick_atr_ratio"": 0.0, ""min_wick_fraction"": 0.1, ""passed"": true, ""quality"": ""valid"", ""wick_atr_ratio"": 0.433745, ""wick_extension"": 211.8000000000029, ""wick_fraction"": 0.203536}, ""wick_extension_bps"": 19.865537138612574}",0.9937451158685042,1.0242929676213437,True,False,False,False,False
ifvg_retest,ict,long,BTCUSDT,1h,1751036400000,1751036400000,1751047200000,1751040000000,edge,ce,nearest_liquidity,107153.0,107153.0,107153.0,107076.8194,107076.8194,107168.4,76.18060000000696,7.109516299124333,conservative,False,True,False,,,aligned_only,bullish,premium,IFVG,swing_high,aligned,0.65,False,,,,82,high,40,12,0,10,20,0,0,0,poor_pd_location;target_rr_below_2,True,long,,True,True,,,,,strong,strong,,,,,107043.5,107153.0,107098.25,,,,,,,,,1,1751040000000,0.20215120384970414,1,1,,,"{""breach_close"": 107261.3, ""breach_displacement_factor"": 0.8839677047289451, ""breach_displacement_grade"": ""strong"", ""breach_time"": 1751036400000, ""dealing_range_source"": ""long_swing_pair"", ""displacement_grade"": ""strong"", ""entry_mode"": ""edge"", ""entry_price"": 107153.0, ""entry_time"": 1751040000000, ""has_smt_confirmation"": false, ""htf_allows_long"": true, ""htf_allows_short"": false, ""htf_approaching_poi"": true, ""htf_bias"": ""bullish"", ""htf_confidence"": 0.7, ""htf_context_alignment"": ""aligned"", ""htf_draw_direction"": ""up"", ""htf_inside_poi"": true, ""htf_location"": ""premium"", ""htf_mode"": ""aligned_only"", ""htf_objective"": ""up"", ""htf_objective_level"": 108900.0, ""htf_objective_quality"": ""strong"", ""htf_objective_reached"": false, ""htf_objective_type"": ""swing_high"", ""htf_objective_unreached"": true, ""htf_poi_direction"": ""bullish"", ""htf_reason"": ""HTF bullish premium bullish IFVG; swing_high up"", ""htf_score_modifier"": 0.65, ""htf_structure_bias"": ""bullish"", ""htf_zone_high"": 106723.9, ""htf_zone_low"": 106266.0, ""htf_zone_type"": ""IFVG"", ""ifvg_ce"": 107098.25, ""ifvg_high"": 107153.0, ""ifvg_low"": 107043.5, ""model_family"": ""ict"", ""objective_is_equal_high_low"": false, ""objective_liquidity_quality"": ""strong"", ""objective_type"": ""swing_high"", ""objective_unreached"": true, ""pre_model_allowed_directions"": ""long"", ""pre_model_filter_pass"": true, ""pre_model_reasons"": """", ""retest_depth"": 1.1972602739726559, ""retest_time"": 1751040000000, ""risk"": 76.18060000000696, ""risk_bps"": 7.109516299124333, ""source_fvg_direction"": ""bearish"", ""source_fvg_time"": 1751011200000, ""stop_loss"": 107076.8194, ""stop_mode"": ""ce"", ""target_mode"": ""nearest_liquidity"", ""time_to_retest_bars"": 1}",6.6539250150293885,10.234889197511254,True,False,False,False,False
